Recency,Frequency,Monetary,CustomerID
3,31,375.31,2433
91,27,361.45,2193
26,25,345.1,1793
4,29,334.15,3289
142,17,312.46,2743
310,20,305.72,2811
140,24,303.61,2990
37,30,301.33,3872
52,23,301.1,4753
239,15,296.96,2993
31,20,290.74,4509
57,19,289.4,4102
31,23,285.6,4437
46,33,284.9,2051
179,17,284.89,1715
380,21,284.8,1169
88,25,279.99,1265
58,21,277.9,4494
105,29,277.4,2851
96,19,277.35,2210
50,22,277.18,4679
64,27,271.9,1052
22,18,271.8,3245
57,23,268.8,3593
48,24,267.62,1098
4,23,267.4,2736
112,20,267.32,2001
91,22,265.7,4293
47,28,263.65,4831
20,20,262.4,4628
154,23,261.55,1407
33,22,260.94,4624
88,23,260.9,2706
161,23,260.7,2022
112,25,257.54,1870
18,27,256.25,2517
49,17,256.0,3014
98,24,254.8,2632
55,20,254.7,4302
4,26,254.04,4137
92,20,253.55,3657
73,26,253.51,1905
46,16,253.12,4078
19,21,252.6,2918
72,36,251.45,3180
65,29,249.6,4875
4,21,248.12,3251
229,24,248.11,3957
51,23,247.84,1654
98,21,247.8,4683
5,25,245.36,4303
95,21,245.1,3761
52,18,244.5,1866
80,22,244.34,3543
207,27,244.0,4272
7,24,243.5,3120
42,31,243.06,2625
11,26,242.84,2960
47,19,242.0,4836
23,24,241.86,2184
40,31,241.8,2271
45,21,241.7,2443
24,15,241.6,4280
161,22,240.5,3361
124,18,240.15,1889
84,16,239.91,3768
80,28,239.75,4338
150,20,237.4,4234
26,16,237.2,2772
92,18,236.4,2794
97,18,236.3,2729
123,12,236.0,4328
25,28,235.45,2524
324,21,235.4,1353
100,15,235.11,4434
16,19,234.79,1565
20,19,234.0,3048
191,13,232.92,3918
60,13,232.7,1787
13,17,231.44,4389
13,25,230.0,2344
18,33,229.58,3737
66,13,228.6,2870
17,21,228.33,3635
89,18,228.22,1761
128,23,227.36,3691
184,23,227.2,3221
116,15,225.65,1862
78,26,225.41,4695
47,14,225.4,1065
31,25,224.1,1366
11,24,223.85,2070
3,22,223.55,2779
123,17,223.5,3531
59,22,223.34,3465
194,25,223.29,2440
15,33,222.7,3050
91,22,222.4,2270
183,19,222.36,1175
131,27,222.36,3752
301,18,221.86,2138
120,15,221.5,3535
96,19,221.47,3822
125,22,221.4,3246
38,29,221.0,2394
27,18,220.45,3879
13,16,220.35,1651
33,14,220.04,1259
51,21,220.0,2738
161,15,219.8,1949
70,12,219.2,1090
21,11,219.0,1677
42,22,217.85,3495
170,28,217.85,1379
226,15,217.2,4417
371,19,216.19,1522
52,23,215.0,2855
165,17,214.9,3776
16,19,214.2,1038
73,23,214.05,3830
75,21,213.56,3651
264,17,213.55,4636
29,23,213.4,1466
130,16,213.34,4243
41,20,212.9,2758
33,17,212.4,3201
70,23,211.9,3960
11,19,211.84,4235
18,18,211.7,3225
50,21,210.64,2492
28,20,210.57,4666
8,22,210.51,2229
212,23,209.6,2789
57,19,209.06,1136
24,21,209.02,3732
70,27,208.82,2663
119,26,208.22,2512
50,20,207.36,1051
39,23,207.32,3484
110,11,207.05,4789
12,17,206.9,1819
28,26,206.66,4486
119,16,205.9,3973
148,23,205.7,1574
98,23,205.6,2294
6,15,205.6,4800
194,21,205.44,3248
33,18,205.26,1625
80,24,205.01,4828
190,16,205.0,2251
28,21,204.96,1004
0,18,204.76,3562
42,11,204.15,1940
2,21,204.0,2447
63,12,203.95,4523
45,14,203.8,3416
91,21,203.76,3164
13,16,203.6,1430
113,17,203.5,2426
62,15,203.26,4499
13,15,203.1,1609
169,21,202.74,2511
128,16,201.92,2549
124,18,201.75,3922
41,13,201.7,3946
319,11,201.5,2033
21,23,201.2,1991
23,18,201.0,1653
5,21,200.3,4656
25,15,200.0,3950
31,16,199.82,1182
143,16,199.6,1983
1,21,198.7,1218
103,14,198.5,4756
226,14,197.8,1312
217,8,197.2,1890
69,19,197.0,2601
185,17,196.8,3119
7,16,196.8,2555
9,20,196.3,1785
240,18,196.03,3499
216,18,195.9,2230
134,16,195.7,1913
14,16,195.2,1360
163,19,194.7,4487
319,26,194.04,4941
138,21,193.82,1087
38,16,193.71,2650
39,17,193.7,1979
28,18,193.5,3855
35,14,193.4,4236
9,15,193.2,4512
49,14,193.0,1921
270,9,192.85,1336
150,16,192.72,1618
91,31,192.63,3915
98,16,192.1,2716
263,17,192.08,1567
104,15,191.9,2346
65,21,191.84,3709
131,13,191.75,4257
45,25,191.48,3462
88,12,191.35,4218
112,11,191.1,3983
35,15,191.04,1452
51,17,190.96,1465
69,21,190.16,4783
112,21,189.93,2408
186,13,189.9,3763
118,17,189.76,4510
63,21,189.73,4187
172,13,189.7,4958
25,20,189.7,4292
152,16,189.62,3938
32,17,188.94,1438
191,18,188.9,4330
261,18,188.1,3405
95,14,187.8,2996
12,15,187.8,3031
118,18,187.5,2171
104,16,187.4,3877
89,19,186.75,1013
353,20,186.46,4316
1,17,186.05,1220
27,20,185.9,1777
146,19,185.8,1934
51,22,185.8,1887
427,16,185.54,3115
56,17,185.5,2690
52,27,184.95,1410
1,16,184.44,3633
29,20,184.44,1170
131,13,184.4,4351
223,15,183.5,1554
127,14,183.2,1216
57,17,183.1,4197
207,14,183.1,1888
13,14,183.1,3584
199,15,182.94,1006
137,13,182.84,1792
151,22,182.45,4671
211,20,182.4,2086
100,20,182.1,1572
185,17,182.0,1023
136,21,181.52,3402
170,17,181.0,1734
124,17,180.92,1287
324,16,180.86,3909
157,20,180.64,1908
68,16,180.4,2017
60,8,180.3,2839
198,13,180.3,4826
54,16,180.2,4130
62,11,180.0,4867
84,14,180.0,2120
22,16,179.9,4589
114,20,179.8,1932
71,12,179.76,4540
374,13,179.64,1129
3,14,179.2,1324
45,15,179.1,4742
31,18,178.7,1649
24,19,178.54,2629
109,19,178.26,2370
204,15,178.2,3028
256,15,177.8,2857
6,13,177.76,3467
82,16,177.75,2380
38,15,177.66,3483
114,14,177.5,4473
4,10,177.32,2834
192,17,177.2,3649
10,11,177.1,2178
33,18,177.1,3165
410,13,176.95,4086
92,11,176.94,2151
86,22,176.9,1595
46,13,176.3,3442
5,20,176.2,3581
52,21,176.2,4588
128,17,176.2,4353
57,11,175.9,4380
92,16,175.74,1494
250,15,175.55,1435
128,16,175.42,4747
151,12,174.9,4049
15,15,174.7,1729
79,23,174.64,1395
0,13,174.6,3579
66,18,174.51,1510
49,18,174.3,3380
28,10,174.3,4584
186,20,173.62,1483
5,18,173.4,1118
184,10,173.0,4096
22,16,172.97,2659
40,17,172.9,1477
69,15,172.5,4952
185,16,172.04,4937
252,19,171.85,4799
10,13,171.56,4412
184,18,171.52,3429
14,11,171.46,1208
0,17,171.4,2810
361,17,171.1,3821
0,15,171.03,3971
166,15,170.96,3832
2,19,170.95,2222
234,11,170.9,3920
229,15,170.9,2077
201,20,170.72,2718
28,14,170.7,4430
261,13,170.5,3629
47,18,170.12,1608
247,18,170.0,4112
147,16,169.96,2133
57,17,169.73,3827
233,6,169.7,3346
93,13,169.45,2202
40,18,168.74,1456
42,21,168.55,3862
26,20,168.51,1245
164,14,168.41,2079
226,27,168.05,1998
333,7,167.9,1198
3,17,167.54,4804
127,16,167.4,3474
9,22,167.39,4251
82,19,167.3,2568
331,14,167.22,3437
215,15,167.15,2746
37,13,167.0,2847
137,20,166.8,4657
85,20,166.8,2298
15,16,166.65,1248
15,15,166.65,4601
47,16,166.19,2389
305,11,166.1,3299
6,21,166.0,2234
276,18,165.9,3358
59,24,165.9,3247
98,20,165.85,2357
34,24,165.52,2560
39,16,165.5,4220
97,15,165.5,2041
267,15,165.5,1419
479,9,165.35,2059
219,17,165.2,4433
227,19,165.02,2381
4,16,164.86,4999
34,15,164.7,1385
127,15,164.7,1613
81,13,164.2,1782
37,21,164.05,1583
99,9,164.0,2928
68,28,163.94,3308
27,16,163.9,2618
26,21,163.9,2868
42,23,163.8,3046
189,10,163.7,1460
38,19,163.66,1711
1,20,163.32,1444
134,20,163.15,4165
7,16,163.14,2550
156,22,163.0,4153
151,18,162.93,4699
76,14,162.9,3182
56,18,162.74,2946
86,14,162.5,3959
56,18,162.5,4946
273,12,162.1,4735
1,15,161.84,3369
36,19,161.76,2694
111,21,161.7,2799
309,12,161.45,3642
49,15,161.4,2267
216,11,161.4,1859
60,16,161.3,2089
139,13,161.3,3684
359,14,161.2,4324
64,17,161.1,1190
50,15,161.05,3779
265,20,160.8,1237
51,13,160.65,1855
17,19,160.6,1959
190,18,160.6,4594
14,23,160.55,4495
38,26,160.32,4376
227,15,160.3,2755
52,9,160.12,3766
38,15,160.1,2599
132,11,160.1,1620
45,14,160.0,4825
64,18,159.6,4321
241,18,159.5,1404
132,18,159.42,3926
2,16,159.4,1708
104,14,159.4,4576
201,16,159.3,2093
134,10,159.3,2713
128,16,159.24,1999
38,15,159.22,2499
127,17,159.0,4667
79,19,158.98,3682
19,18,158.91,2348
14,19,158.9,2600
19,22,158.74,3517
33,14,158.66,3608
192,17,158.6,2365
129,18,158.6,4453
182,23,158.6,1827
40,19,158.5,3663
27,11,158.1,3847
89,14,157.8,4708
82,16,157.7,1931
32,19,157.69,3547
186,19,157.6,2645
109,20,157.52,1146
97,17,157.5,4155
57,10,157.5,2723
361,16,157.4,2573
31,24,157.4,1116
317,12,157.25,4261
92,12,157.05,2435
6,22,157.05,4364
307,14,157.0,2031
215,19,156.98,1235
116,21,156.95,1737
177,19,156.9,4721
175,14,156.6,3509
66,11,156.6,2363
93,21,156.55,4585
175,10,156.5,4028
88,14,156.4,2209
30,12,156.25,2765
222,11,156.22,1241
96,26,156.15,3082
198,17,156.1,4468
131,9,156.0,3898
64,16,156.0,1231
188,19,156.0,2142
6,17,155.98,4745
40,18,155.9,1110
88,12,155.9,1008
29,18,155.76,2578
238,14,155.7,2232
59,20,155.66,1682
189,16,155.6,2787
36,25,155.6,2164
92,17,155.6,3560
138,14,155.0,1706
43,16,154.75,1832
272,13,154.6,3856
376,16,154.44,3956
313,12,154.35,4759
37,17,154.34,1296
190,14,154.3,2374
294,11,154.3,3398
42,14,154.25,4947
283,12,154.15,2400
249,20,153.97,2584
122,13,153.96,4566
128,20,153.76,4526
38,18,153.6,1197
33,19,153.56,2957
164,14,153.4,1373
44,20,153.36,2961
139,18,153.31,1534
277,11,153.16,3148
4,22,153.0,4524
52,13,152.7,2648
73,24,152.56,1275
42,20,152.54,4694
70,17,152.42,2814
87,19,152.4,1422
43,17,152.1,4018
334,12,152.04,3603
246,13,152.02,4788
183,15,151.8,3276
30,11,151.7,1504
124,17,151.66,1646
118,14,151.55,4002
98,12,151.4,4967
78,15,151.14,2100
53,20,151.14,3393
16,17,151.06,4312
8,9,151.0,1624
313,14,150.72,1621
183,18,150.7,4215
153,15,150.7,4548
47,20,150.65,3812
26,25,150.58,4864
331,13,150.45,3287
30,11,150.4,3545
38,21,150.3,2421
81,9,150.2,2466
2,21,150.12,1997
8,11,149.9,4045
80,16,149.8,3322
113,20,149.79,1094
51,18,149.5,4773
58,18,149.45,3621
35,15,149.36,2952
213,18,149.25,2612
116,14,149.1,1061
73,12,149.1,3692
149,13,148.94,1133
244,12,148.8,3472
359,10,148.6,2144
36,12,148.6,2547
82,19,148.52,2835
135,13,148.4,3389
23,15,148.4,2045
0,18,148.4,1509
29,10,148.4,4044
38,11,148.3,4734
121,17,148.01,3077
123,14,148.0,1602
102,17,148.0,3558
191,23,148.0,3783
45,14,147.94,3511
247,12,147.68,3701
54,21,147.41,4877
3,16,147.35,3438
86,12,147.29,2383
34,15,147.2,3207
198,15,147.02,3948
196,19,146.61,3582
27,14,146.6,1865
221,16,146.6,1329
128,15,146.4,4778
285,8,146.4,1229
65,16,146.35,3518
53,13,146.28,2117
285,14,146.25,4388
37,14,146.2,3175
181,10,146.1,2069
241,14,145.8,3194
41,21,145.76,1566
64,23,145.52,4297
30,15,145.5,1659
56,15,145.5,4685
99,18,145.5,1333
19,17,145.44,2602
35,19,145.3,2654
98,18,145.3,1811
36,18,145.23,2056
56,22,145.22,3090
10,14,145.2,4851
47,17,145.2,1283
8,20,145.05,4030
23,17,145.0,1264
81,16,144.9,4953
0,16,144.87,2997
13,12,144.7,3774
205,17,144.65,3072
137,17,144.61,3508
110,15,144.6,4275
245,15,144.6,2745
50,18,144.4,3507
95,17,144.39,1120
13,14,144.1,3101
325,11,144.02,2854
195,13,144.0,4807
200,15,143.85,3071
279,14,143.84,4391
225,13,143.8,3727
46,12,143.8,2582
32,14,143.7,4442
81,14,143.7,4267
68,15,143.66,3688
75,8,143.65,4424
110,14,143.62,4681
84,8,143.6,1484
66,22,143.55,3266
74,8,143.5,2369
80,15,143.2,3505
279,11,143.15,3045
1,12,143.12,2836
50,20,143.1,2454
72,8,143.0,4557
22,16,142.9,4592
75,14,142.9,4024
77,9,142.7,4325
56,17,142.26,4564
62,14,142.24,3410
82,11,142.2,1839
29,13,142.1,2403
160,16,142.1,1204
7,19,142.05,3803
116,13,142.0,2272
173,16,141.95,1584
90,16,141.94,2592
203,16,141.86,3337
276,15,141.8,2244
179,11,141.6,4797
139,17,141.6,3002
304,13,141.5,4916
385,14,141.4,3116
88,14,141.2,1894
29,15,141.2,4445
91,20,140.86,1943
72,15,140.64,1322
107,16,140.6,2687
150,9,140.6,3829
11,19,140.56,2293
73,18,140.4,3718
256,10,140.4,4541
223,8,140.2,1821
141,12,140.2,2964
19,14,140.2,3571
27,13,140.02,4832
84,15,140.0,2040
281,9,139.9,3809
127,13,139.6,2018
267,14,139.55,3881
61,12,139.4,1341
355,12,139.4,1457
321,11,139.3,2399
41,14,139.24,2042
26,8,139.22,3102
39,16,139.1,3741
234,17,139.1,4661
121,16,139.0,1239
185,10,138.8,3819
327,13,138.7,4972
126,10,138.63,3526
21,11,138.6,2375
241,16,138.6,1081
87,16,138.4,3481
28,13,138.4,4202
10,15,138.26,4301
56,16,137.84,2289
21,14,137.8,4746
130,14,137.7,1416
223,12,137.7,2066
281,16,137.68,2310
36,13,137.6,4951
378,9,137.55,3670
61,14,137.52,1939
91,10,137.5,4092
274,8,137.5,3498
27,12,137.4,3170
30,13,137.15,3677
75,17,137.1,4262
224,16,137.0,3469
154,11,137.0,1917
233,8,137.0,3904
18,14,137.0,2432
143,18,136.92,1327
452,7,136.9,1157
276,11,136.8,4131
140,14,136.75,2484
246,9,136.7,3427
104,16,136.6,3844
164,17,136.38,3841
145,13,136.2,1542
108,6,136.2,3292
1,9,136.2,1165
158,20,136.15,1561
8,19,136.09,3687
3,13,135.99,4222
30,21,135.9,4574
208,14,135.8,3347
118,17,135.8,2494
340,12,135.7,2254
243,11,135.7,4082
58,12,135.7,1623
138,15,135.69,4299
42,15,135.6,3489
10,18,135.4,4988
144,23,135.4,2760
94,14,135.35,4108
330,18,135.34,3782
25,17,135.32,4335
332,14,135.3,2944
363,17,135.2,1798
127,22,135.15,1948
51,16,135.1,4550
68,13,135.0,3414
296,9,134.98,3749
62,18,134.8,4572
45,15,134.7,2437
50,23,134.61,3942
87,8,134.6,4418
83,21,134.57,2252
29,9,134.5,4356
341,17,134.45,2595
71,16,134.45,4056
32,18,134.4,2340
10,13,134.29,2028
104,14,134.25,3963
98,10,134.2,3522
89,12,134.0,4567
47,13,133.95,2784
257,11,133.9,3617
193,11,133.9,4992
144,14,133.9,2415
135,14,133.8,4633
23,18,133.8,4820
126,7,133.7,2771
190,17,133.6,1733
81,12,133.39,4138
36,11,133.35,2849
51,16,133.3,4441
35,19,133.3,2978
76,16,133.25,1144
131,12,133.2,1817
155,16,133.0,3878
73,10,132.96,2785
12,12,132.81,4006
35,10,132.8,3186
300,17,132.7,2540
152,12,132.63,2769
31,13,132.62,3325
62,11,132.61,1619
136,13,132.52,3144
238,17,132.5,3743
7,21,132.39,3679
30,16,132.35,4104
54,16,132.27,3268
4,13,132.1,1726
314,13,132.05,1342
22,13,132.0,1616
74,9,131.8,3843
246,14,131.8,3166
17,14,131.7,3181
149,13,131.64,4156
163,11,131.63,3557
6,17,131.56,3450
113,10,131.44,1356
287,13,131.4,2284
122,12,131.3,2747
264,9,131.16,4252
36,23,131.0,3497
72,11,131.0,3025
47,12,131.0,4288
34,12,130.9,1540
19,13,130.7,4258
224,21,130.6,1225
191,16,130.6,1507
214,15,130.5,4163
152,19,130.5,4266
224,13,130.34,3258
11,11,130.3,4503
41,16,130.2,3284
179,15,130.06,2523
112,17,130.05,4124
470,12,130.0,4211
1,10,129.9,2825
53,14,129.9,2676
122,17,129.8,3128
227,9,129.7,1027
24,23,129.66,4277
53,17,129.64,4129
84,15,129.4,4525
90,20,129.38,1107
65,9,129.34,4337
103,16,129.32,1062
141,11,129.16,2452
121,14,129.0,2356
64,15,129.0,4692
162,17,128.95,3500
126,10,128.95,3685
230,11,128.9,4637
1,6,128.9,4095
34,14,128.8,2215
333,12,128.7,4427
158,12,128.55,4485
198,19,128.5,4515
5,13,128.5,4340
12,16,128.45,3232
10,14,128.42,2315
120,20,128.25,2186
36,15,128.2,4169
463,15,128.03,3081
49,8,128.0,1606
208,15,127.91,2194
307,14,127.84,1758
95,12,127.8,1759
14,10,127.8,2757
59,18,127.7,2311
118,11,127.7,4546
138,11,127.7,2504
33,21,127.61,1878
31,15,127.6,3354
3,11,127.6,2061
284,16,127.52,1500
10,14,127.48,2860
102,20,127.22,4780
233,14,127.2,4194
131,11,127.2,1668
475,6,127.1,4880
55,19,127.08,3504
461,10,127.05,4164
180,13,127.05,3294
85,12,126.96,2160
140,13,126.92,4160
173,21,126.9,1929
222,16,126.85,2617
50,14,126.8,2475
45,12,126.65,4107
323,7,126.5,3954
176,18,126.24,1783
131,14,126.1,4182
213,9,126.1,1853
52,11,125.9,1289
131,16,125.8,1690
404,16,125.8,1740
66,17,125.7,4776
82,10,125.6,2692
312,14,125.6,1703
0,13,125.6,2507
117,13,125.49,4718
85,19,125.4,3903
81,15,125.34,2950
137,15,125.25,2597
86,12,125.24,3613
306,11,125.15,3769
156,12,125.14,4569
12,14,125.14,3910
16,17,125.11,1242
117,20,125.01,1768
32,16,124.95,4110
20,16,124.87,4938
277,10,124.75,1523
223,12,124.7,3297
20,15,124.64,4117
317,5,124.6,3655
240,14,124.6,1050
131,17,124.5,1753
140,16,124.45,1286
106,14,124.4,1347
3,11,124.3,2465
59,10,124.22,1343
84,17,124.2,4223
58,14,124.2,4073
227,9,124.2,1126
2,16,124.1,4719
376,17,124.05,2907
31,8,124.02,4580
340,14,124.0,3539
43,12,124.0,2580
107,13,123.7,1213
91,14,123.62,1269
185,18,123.6,3054
87,12,123.6,4853
73,17,123.56,2707
172,15,123.55,4362
52,14,123.52,2534
128,19,123.5,3137
36,16,123.5,3460
106,14,123.49,3041
81,9,123.42,1497
46,11,123.4,3360
25,14,123.12,3683
3,22,123.1,3042
200,14,122.92,3863
57,13,122.8,4191
272,18,122.7,4760
218,10,122.7,3298
10,14,122.64,3900
162,11,122.6,4736
135,10,122.6,1501
518,6,122.6,2303
81,15,122.5,4336
34,11,122.4,3794
22,9,122.4,2167
28,16,122.15,4643
129,16,122.04,3911
34,12,121.8,2672
92,14,121.8,2510
358,12,121.7,4448
185,15,121.65,1692
162,13,121.64,3814
184,11,121.62,2307
151,20,121.6,3549
278,9,121.6,2850
175,14,121.4,4623
338,10,121.31,4886
414,9,121.29,1209
22,11,121.2,2338
47,7,121.2,4968
197,13,121.2,2321
173,16,121.12,1114
284,9,121.1,4179
33,11,120.9,1823
287,9,120.85,1549
84,11,120.84,2336
92,19,120.62,3044
62,11,120.56,2157
103,8,120.55,1971
3,21,120.49,4190
373,12,120.4,1294
17,6,120.3,3597
13,15,120.2,3818
76,11,120.12,3328
154,10,120.1,3689
105,21,120.05,3835
37,16,119.99,3967
34,15,119.92,3600
233,13,119.9,3786
124,17,119.9,4019
18,9,119.8,3699
330,14,119.72,2236
101,14,119.65,3962
172,15,119.65,4170
25,12,119.6,1636
359,13,119.52,2552
135,14,119.5,3296
38,13,119.49,3891
92,17,119.26,4766
51,16,119.15,3523
105,12,119.1,4147
78,21,119.05,1780
200,10,119.0,3947
226,15,119.0,3604
2,14,118.95,4091
276,11,118.8,4962
131,13,118.8,2004
94,19,118.76,1148
257,13,118.75,4505
179,13,118.64,4743
40,15,118.51,1160
41,15,118.4,1628
58,11,118.4,1330
402,13,118.38,1895
238,10,118.26,3160
29,12,118.2,4440
135,9,118.2,4556
297,13,118.1,3931
33,10,118.08,3067
85,11,117.95,3300
145,15,117.9,2840
14,10,117.9,4722
51,16,117.9,4779
140,12,117.9,4787
20,15,117.75,2166
185,15,117.68,3476
159,15,117.66,4305
222,14,117.65,2201
10,13,117.6,1741
571,6,117.5,1022
60,24,117.42,3122
177,15,117.4,2715
44,17,117.4,3141
216,17,117.35,1026
221,16,117.3,3356
20,14,117.1,2869
631,8,117.06,3444
15,14,117.04,1632
37,17,117.04,3189
7,14,117.0,4470
273,8,116.9,3200
33,13,116.9,2063
186,12,116.8,4563
230,13,116.8,3396
4,13,116.69,2652
9,7,116.65,3488
10,13,116.5,4537
188,10,116.48,4669
192,9,116.32,3804
166,16,116.32,2349
80,24,116.3,2816
41,14,116.0,2885
195,15,116.0,3620
78,12,115.91,3206
16,17,115.9,1486
141,16,115.9,2129
244,14,115.9,1945
48,10,115.8,1513
26,12,115.55,1674
45,13,115.3,1930
8,13,115.3,3637
83,9,115.3,4289
38,20,115.28,1482
76,9,115.26,4071
501,9,115.2,3785
105,17,115.2,4387
52,17,115.16,1661
373,10,115.02,2341
195,16,115.0,4152
255,5,115.0,1254
67,2,114.9,1973
45,9,114.88,2700
81,7,114.8,1639
1,13,114.75,4352
42,18,114.7,4598
9,15,114.69,2453
146,11,114.62,1954
417,10,114.6,3435
207,15,114.5,4426
39,13,114.44,1480
180,8,114.36,1535
266,13,114.3,4652
220,12,114.3,1305
45,11,114.24,1178
195,12,114.1,3113
8,14,114.0,4162
78,16,114.0,3095
110,5,114.0,4784
35,12,114.0,4608
65,14,113.8,3491
272,10,113.75,1041
90,15,113.7,1493
126,12,113.7,4150
7,16,113.7,3111
253,16,113.66,3139
236,11,113.62,3204
253,16,113.56,2043
146,12,113.5,1162
311,13,113.4,4720
138,19,113.35,3353
66,13,113.35,2235
118,12,113.3,1658
7,11,113.22,2035
119,13,113.16,3552
47,20,113.15,4178
13,19,113.1,3719
306,21,113.05,4933
96,17,113.0,4741
541,7,113.0,2863
33,19,113.0,2107
325,12,112.96,1750
51,13,112.9,3746
111,17,112.9,1279
294,8,112.8,1765
51,11,112.8,3653
291,10,112.76,3224
475,5,112.6,1179
102,16,112.6,1472
312,13,112.6,3329
108,15,112.5,4814
7,16,112.5,4573
271,9,112.4,3573
163,8,112.3,1067
48,11,112.1,3370
112,8,112.0,4859
366,14,112.0,3817
532,9,112.0,1947
129,8,111.9,4213
126,13,111.84,1476
19,16,111.8,2925
317,12,111.78,2991
18,9,111.7,1742
13,12,111.7,4323
432,12,111.62,4872
77,17,111.5,4939
484,5,111.45,2478
54,12,111.36,4326
379,12,111.3,1896
57,10,111.3,4463
11,10,111.3,2401
90,11,111.27,2097
142,11,111.23,2128
73,7,111.2,4469
411,10,111.2,2562
145,12,111.2,3203
15,9,111.16,2358
62,16,111.15,4579
85,13,111.1,4891
23,17,110.96,2406
387,10,110.9,2320
85,15,110.8,4444
16,17,110.8,3998
69,11,110.7,1454
58,13,110.7,4975
15,13,110.7,3588
148,14,110.7,4077
148,14,110.6,1863
258,15,110.58,2325
16,16,110.55,2666
18,15,110.5,3864
22,12,110.5,1946
107,12,110.4,3364
71,9,110.4,2104
44,16,110.2,2813
294,9,110.15,3656
589,10,110.0,2339
304,8,109.9,4893
27,12,109.8,1073
162,10,109.8,1808
47,15,109.72,1844
24,12,109.6,4224
78,8,109.54,1588
149,11,109.5,3675
108,12,109.42,4785
44,16,109.4,1450
259,14,109.3,1776
177,11,109.22,1806
229,13,109.2,4606
27,15,109.2,2231
40,15,109.12,1892
40,9,109.1,1655
75,17,109.07,4531
65,8,109.0,3275
73,13,108.96,4281
56,10,108.95,2262
128,10,108.9,1185
144,13,108.8,2176
131,20,108.8,4852
243,10,108.8,4855
104,14,108.8,1754
33,14,108.7,4827
25,14,108.65,3348
19,11,108.6,4120
94,12,108.6,2204
148,4,108.6,1557
12,4,108.5,4627
234,12,108.5,2102
14,12,108.5,4618
323,12,108.48,3669
15,10,108.4,2727
0,11,108.4,1491
123,5,108.3,2246
29,15,108.21,1277
382,9,108.15,1297
69,6,108.1,1951
296,13,108.1,2226
29,11,108.04,3390
278,17,108.04,4015
53,12,108.0,2083
7,15,108.0,1757
381,10,107.9,4712
101,12,107.85,4769
5,8,107.8,3133
220,16,107.75,1211
172,13,107.6,1028
408,5,107.6,2395
194,10,107.5,2162
99,13,107.5,1290
39,12,107.46,3190
145,18,107.42,3793
385,7,107.4,4673
162,14,107.4,1285
36,10,107.4,4793
125,9,107.39,4680
91,11,107.34,4906
54,6,107.3,4358
27,19,107.3,1634
102,10,107.3,2300
443,12,107.2,1810
108,14,107.2,2711
61,12,107.14,1656
346,13,107.14,1428
50,11,107.11,2730
112,11,107.0,1724
13,10,106.93,1475
79,10,106.9,3997
91,15,106.75,1603
191,10,106.64,1835
229,9,106.6,4634
131,11,106.6,4704
161,8,106.52,1396
59,17,106.48,1097
113,15,106.3,2364
27,15,106.2,3583
66,8,106.2,4698
132,7,106.1,4227
13,10,106.0,4922
299,6,105.9,1978
12,12,105.85,2255
137,13,105.8,2337
37,14,105.75,2362
236,11,105.7,2909
4,16,105.66,4455
31,15,105.6,3051
124,15,105.55,4207
10,16,105.55,1788
288,12,105.5,1652
85,17,105.45,3094
134,18,105.39,4693
24,13,105.3,2238
217,15,105.3,4812
82,15,105.24,1468
14,10,105.1,2656
168,8,105.1,2509
19,12,105.05,1884
118,16,105.0,2873
117,14,105.0,3758
32,14,104.95,4134
39,13,104.9,1825
261,10,104.9,1252
231,11,104.85,4843
98,13,104.8,2469
8,15,104.8,3214
330,12,104.77,2751
282,15,104.75,1381
86,11,104.7,1016
173,8,104.7,4660
501,11,104.69,2701
140,7,104.6,4373
191,8,104.5,3342
14,10,104.5,2590
97,13,104.4,3537
82,20,104.31,1092
56,10,104.3,2691
12,25,104.25,4217
431,8,104.2,3226
63,13,104.1,3790
179,10,104.02,3721
511,5,104.0,1735
124,8,103.8,1992
51,11,103.8,1326
28,6,103.8,3355
66,6,103.7,3281
91,12,103.6,4274
82,14,103.4,2196
35,9,103.3,1045
285,10,103.2,1591
101,14,103.1,2604
88,7,103.0,1559
197,13,103.0,4757
342,10,103.0,2081
232,11,102.75,3421
327,7,102.7,1083
125,9,102.6,4554
24,12,102.6,1440
299,13,102.52,2175
67,12,102.36,1767
48,13,102.35,3728
13,16,102.35,4042
93,7,102.34,2305
54,16,102.3,1612
2,12,102.2,1406
19,13,102.2,3409
79,8,102.2,4845
33,16,102.2,2633
152,17,102.16,2937
108,13,102.14,3917
87,9,102.14,3470
10,12,102.0,4817
255,8,101.95,2037
1,20,101.9,4645
19,7,101.9,4060
52,17,101.85,2055
322,4,101.8,4239
335,7,101.8,4175
111,8,101.8,2815
44,14,101.7,3107
50,10,101.67,2191
77,12,101.65,4201
182,13,101.62,1587
124,13,101.62,2359
57,5,101.6,4519
354,10,101.6,4981
22,17,101.5,1153
37,13,101.5,1276
180,7,101.5,1958
381,10,101.4,3030
58,11,101.4,2693
501,8,101.2,1716
63,9,101.1,1779
18,11,101.1,2893
39,11,101.1,1380
41,10,101.1,3937
88,11,101.0,1968
113,17,100.9,1361
145,12,100.8,3229
99,13,100.7,2459
2,13,100.7,2879
567,9,100.7,1970
144,6,100.6,1191
49,7,100.6,2646
228,14,100.6,4012
64,8,100.56,1505
180,12,100.5,2518
69,10,100.4,1789
25,15,100.4,2391
174,4,100.4,3572
125,12,100.13,3140
45,7,100.12,4871
151,13,100.1,3176
49,13,100.1,1663
38,13,100.1,2688
13,17,100.1,3595
242,12,100.0,1001
25,6,100.0,1710
336,12,99.97,3846
26,6,99.9,2286
101,13,99.88,3976
303,12,99.87,1390
16,12,99.85,2581
104,9,99.8,1928
210,14,99.7,2519
273,10,99.7,4269
123,12,99.65,1256
99,14,99.6,4384
124,10,99.52,4883
363,9,99.5,3751
245,19,99.44,2589
16,8,99.4,4990
200,15,99.39,2916
119,11,99.36,4255
28,8,99.36,2496
93,12,99.26,4809
294,8,99.2,1850
31,12,99.2,1901
84,10,99.2,3919
249,15,99.18,2761
79,9,99.15,4879
171,11,99.1,3005
32,11,99.05,2678
84,19,98.9,1922
151,11,98.82,3062
8,10,98.8,2817
31,10,98.76,4914
65,11,98.7,4295
169,11,98.65,4600
119,8,98.65,3591
349,13,98.6,4676
229,8,98.56,2245
1,14,98.55,2563
633,10,98.5,2806
188,8,98.5,4395
186,16,98.45,4700
19,11,98.44,2574
202,15,98.41,3548
96,10,98.4,1699
1,12,98.4,1358
344,12,98.4,2430
139,19,98.36,1233
108,15,98.35,3529
244,8,98.3,4101
7,15,98.22,2867
30,11,98.2,4482
152,12,98.14,4646
37,10,98.1,4942
257,14,98.1,2393
183,12,98.1,4959
335,11,98.0,1492
214,14,98.0,2719
79,11,97.92,3789
37,10,97.9,2756
447,5,97.9,4402
101,12,97.85,2291
536,8,97.8,3349
338,8,97.8,3228
15,13,97.8,2332
228,15,97.72,4717
290,11,97.7,2154
259,14,97.62,2502
55,9,97.6,4230
184,16,97.6,1183
165,12,97.6,3099
32,14,97.59,4821
44,11,97.54,2525
155,10,97.42,4313
96,6,97.4,1882
40,12,97.4,1814
131,13,97.4,1391
178,8,97.35,4765
19,12,97.3,4068
188,10,97.3,1372
79,8,97.26,4691
40,12,97.2,1731
164,12,97.05,4610
32,8,96.8,1488
10,12,96.8,2047
324,10,96.78,4993
135,14,96.65,1176
162,10,96.64,3215
430,11,96.62,2803
77,13,96.6,1363
77,9,96.6,3842
229,14,96.6,1206
337,6,96.6,2897
101,15,96.59,3643
27,10,96.5,4105
44,8,96.5,3693
129,16,96.46,1032
126,13,96.44,3745
45,9,96.4,3022
22,16,96.4,3262
21,11,96.36,3323
385,12,96.3,4715
54,17,96.3,2092
161,12,96.28,2515
83,16,96.2,3153
32,13,96.2,2072
261,12,96.2,4892
508,8,96.15,2901
304,12,96.1,2641
148,11,96.1,1432
188,12,95.9,2982
40,14,95.9,4932
65,8,95.9,1856
124,10,95.8,2556
26,15,95.8,2910
153,8,95.8,2208
162,14,95.7,1553
89,16,95.6,4688
127,14,95.6,4796
50,13,95.5,2535
91,12,95.5,3117
38,11,95.4,4467
229,12,95.3,4862
84,9,95.3,2049
229,14,95.29,1479
41,12,95.22,2127
21,15,95.2,1278
15,12,95.12,2054
225,17,95.1,2986
221,12,95.1,3100
146,6,95.06,1582
6,9,95.05,3312
113,6,95.0,1836
205,14,95.0,3972
103,11,94.95,1130
81,10,94.9,2200
90,7,94.9,3433
72,12,94.85,3882
105,15,94.8,3797
190,12,94.7,1641
354,8,94.69,1043
221,8,94.6,1018
84,13,94.6,4214
100,11,94.52,4750
74,11,94.5,3089
135,9,94.5,1503
195,10,94.45,2170
73,12,94.45,1335
11,12,94.45,4232
234,10,94.44,3343
2,14,94.4,1086
218,13,94.36,4969
218,12,94.35,4036
175,11,94.35,2906
111,11,94.2,2290
13,12,94.2,4678
153,12,94.06,1108
64,15,93.95,1967
89,10,93.9,1473
268,12,93.9,1109
270,10,93.85,1611
96,14,93.85,2265
130,9,93.8,2419
67,12,93.64,1899
333,8,93.6,3713
107,12,93.6,4890
82,13,93.54,2306
177,9,93.5,4050
65,11,93.46,1293
121,6,93.4,3996
82,11,93.4,1443
614,4,93.3,2137
193,6,93.3,1532
24,12,93.15,1923
167,7,93.1,2947
32,13,93.1,1515
98,13,93.07,4923
336,6,93.06,4345
3,6,93.0,4997
216,8,93.0,2376
221,9,93.0,2149
467,10,92.95,3083
67,15,92.9,2792
291,11,92.9,1377
17,12,92.9,3894
2,13,92.75,2764
237,9,92.7,4059
102,13,92.7,1355
141,13,92.7,1551
458,7,92.68,1288
92,12,92.62,3527
225,9,92.62,4008
19,13,92.6,3205
184,9,92.4,3109
34,16,92.4,1427
60,10,92.34,2439
266,6,92.3,2579
270,8,92.3,1893
216,13,92.2,3672
209,18,92.15,3104
25,19,92.12,4308
49,13,92.11,4180
411,11,92.09,1797
208,10,92.0,4596
558,7,91.9,4283
211,9,91.9,1281
280,10,91.9,1838
5,14,91.8,3321
235,9,91.8,4119
415,6,91.8,3799
33,12,91.74,3661
337,7,91.62,2971
54,14,91.6,4038
144,17,91.55,4456
217,17,91.42,4406
198,12,91.3,1033
433,16,91.24,1966
238,5,91.2,4054
46,18,91.1,2019
167,7,91.1,2569
132,11,91.08,4808
28,8,91.05,2217
241,9,91.0,3334
384,15,90.95,4206
79,10,90.9,3471
1,16,90.8,3306
177,12,90.75,2532
345,10,90.72,1320
400,8,90.6,2279
333,13,90.6,3193
41,13,90.5,3315
132,10,90.45,1069
284,12,90.42,3913
144,9,90.4,3646
123,9,90.4,3686
233,6,90.3,1371
66,9,90.1,3907
327,11,90.1,4098
125,12,90.0,2131
27,12,89.9,3778
255,13,89.9,3138
303,11,89.9,3185
75,10,89.84,4204
127,13,89.8,4106
57,11,89.8,4084
21,13,89.8,1011
159,12,89.7,2355
91,10,89.66,3556
70,17,89.6,4464
324,9,89.6,2237
395,12,89.55,3524
346,7,89.46,2277
24,9,89.45,4226
291,8,89.4,1308
67,13,89.4,2975
21,16,89.36,4291
213,6,89.36,3029
152,12,89.36,1010
48,11,89.35,4127
3,8,89.3,1155
22,12,89.3,3744
31,10,89.3,4641
220,8,89.2,3586
16,7,89.2,1982
112,6,89.1,1079
380,12,89.01,3849
243,10,89.0,1648
33,14,89.0,2273
281,10,88.82,1328
32,13,88.82,4392
188,7,88.8,2938
189,18,88.55,3757
285,17,88.5,2932
212,13,88.5,2781
166,7,88.4,4976
201,9,88.4,3765
63,12,88.4,2212
103,16,88.4,4915
273,11,88.35,1309
293,10,88.3,1100
3,12,88.2,4039
255,11,88.2,4498
496,10,88.11,1816
246,10,88.1,3614
112,16,88.1,2874
121,13,88.1,1442
136,10,88.05,4782
87,13,87.95,4109
77,13,87.9,1076
223,10,87.9,2972
235,9,87.9,4710
377,11,87.89,4925
208,12,87.82,2242
169,10,87.8,2564
238,9,87.8,4344
12,13,87.8,3668
174,12,87.75,1837
78,11,87.7,3748
33,8,87.6,3773
427,8,87.6,2445
7,12,87.5,4007
56,14,87.4,3857
107,14,87.4,4924
22,10,87.34,1723
360,8,87.34,1749
271,11,87.3,4040
401,9,87.3,4617
26,11,87.28,4249
42,14,87.12,3848
403,10,87.1,1103
36,11,87.0,4806
156,14,86.95,4929
332,12,86.95,4986
68,8,86.9,3443
7,18,86.86,2011
191,11,86.83,3282
56,8,86.8,2865
369,6,86.8,1521
28,10,86.8,4837
258,16,86.8,3430
84,12,86.8,2467
66,15,86.75,3365
86,14,86.7,1994
175,11,86.7,2029
17,14,86.65,2413
58,11,86.65,2832
11,15,86.6,1384
36,11,86.6,2436
47,14,86.6,1743
299,9,86.6,1168
124,7,86.6,3806
29,12,86.55,2643
214,14,86.54,3590
382,9,86.54,3059
259,8,86.51,1398
254,12,86.5,3596
103,7,86.5,2434
126,10,86.4,4296
57,14,86.4,1796
128,11,86.4,2570
91,9,86.3,2266
44,12,86.27,1412
56,6,86.25,4577
475,4,86.2,2660
139,12,86.2,4113
194,10,86.2,4989
181,8,86.2,3935
212,10,86.2,2777
36,9,86.12,3680
124,9,86.05,2233
152,8,86.0,4022
64,15,86.0,3775
103,17,85.94,3036
254,6,85.9,1392
324,15,85.9,4146
139,10,85.85,2543
104,13,85.84,1719
47,4,85.8,4382
69,6,85.8,2905
297,19,85.8,1748
421,4,85.8,2915
12,6,85.7,1807
56,7,85.7,3167
79,10,85.7,2883
155,10,85.63,3295
61,10,85.6,1910
175,8,85.6,2449
24,9,85.55,2500
106,8,85.5,1528
21,6,85.5,1601
131,17,85.45,2428
70,4,85.42,1614
267,10,85.4,1820
396,9,85.4,3639
244,15,85.4,2689
62,14,85.4,3924
131,9,85.35,2256
439,11,85.3,1687
373,6,85.3,1778
37,10,85.3,1952
40,14,85.2,3184
32,9,85.2,2649
76,12,85.16,1127
560,6,85.14,3530
343,10,85.12,4603
77,10,85.1,3681
295,9,85.1,3079
199,9,85.0,4492
181,12,84.92,3559
39,11,84.85,3599
154,12,84.8,1474
32,8,84.8,4538
334,12,84.7,2989
261,4,84.66,2665
182,8,84.66,3311
222,12,84.6,4076
48,10,84.55,1226
65,14,84.5,3084
190,19,84.5,2014
234,7,84.5,2319
1,13,84.5,3363
34,11,84.49,1526
2,8,84.45,2884
211,13,84.25,2587
14,8,84.2,2287
191,11,84.12,3154
342,14,84.0,2065
99,13,83.99,2005
306,8,83.96,4221
104,6,83.9,4064
55,14,83.9,3574
16,14,83.86,3592
43,16,83.74,4662
139,6,83.7,1581
52,9,83.7,3161
155,11,83.7,2495
195,9,83.65,2073
70,6,83.6,2551
68,6,83.5,4543
197,12,83.5,3703
12,6,83.42,2221
446,5,83.4,2638
59,11,83.4,2169
267,10,83.4,3619
256,13,83.36,4228
542,4,83.3,3627
54,10,83.3,2775
466,4,83.3,1224
197,11,83.3,4233
205,6,83.16,2316
213,12,83.12,2288
164,8,83.05,1152
596,9,83.05,1034
265,12,83.05,4148
68,8,83.0,1564
123,12,83.0,1736
25,12,83.0,2386
64,13,82.97,2431
328,4,82.9,3049
10,7,82.88,1647
227,12,82.82,4613
92,15,82.79,3982
131,8,82.75,4940
318,9,82.75,4749
42,14,82.7,1340
141,8,82.7,2683
102,8,82.69,2872
77,10,82.66,2071
86,12,82.6,4375
246,10,82.5,2225
282,14,82.5,2930
419,7,82.4,4126
129,7,82.4,2000
22,11,82.35,1420
133,5,82.35,3868
12,9,82.35,2762
429,6,82.35,1725
271,10,82.3,4869
131,13,82.3,3013
32,13,82.22,2331
201,4,82.22,4396
46,11,82.2,3468
5,9,82.2,3053
267,10,82.15,2122
242,10,82.1,2754
270,10,82.1,3544
93,12,82.1,3704
113,14,82.0,1303
53,6,82.0,1315
172,10,82.0,1851
87,13,81.95,1696
101,6,81.9,2269
175,9,81.9,1993
51,10,81.9,4398
30,9,81.9,1804
376,10,81.85,4772
439,3,81.8,3171
375,9,81.7,4690
205,9,81.7,3357
206,12,81.65,2068
55,9,81.6,2416
382,12,81.6,2973
258,12,81.6,2139
25,10,81.55,3419
113,12,81.55,4761
29,12,81.54,2240
422,8,81.52,4638
154,8,81.5,2110
111,13,81.5,3456
248,7,81.5,3375
118,8,81.5,3850
293,8,81.5,1638
307,6,81.5,1520
95,9,81.4,3273
152,12,81.4,1800
45,12,81.31,4367
118,12,81.3,2152
18,10,81.3,3609
76,11,81.3,2404
244,6,81.2,2724
281,8,81.2,3479
2,12,81.15,4306
58,11,81.1,2514
305,9,81.0,4471
320,9,81.0,4461
200,8,81.0,1142
7,8,81.0,4894
21,14,80.84,4835
159,10,80.8,1833
380,9,80.8,1141
111,5,80.7,1857
174,12,80.7,1053
32,9,80.7,3735
28,10,80.7,3756
181,13,80.6,2218
0,8,80.5,2790
452,9,80.4,3158
75,6,80.4,4067
31,7,80.4,3902
15,12,80.3,2513
218,9,80.3,1325
41,11,80.3,1075
30,10,80.3,3304
194,10,80.24,2948
6,16,80.2,3899
28,8,80.2,3260
720,2,80.1,1552
385,9,80.1,1399
166,8,80.06,2159
87,10,80.0,4632
56,13,80.0,3589
108,11,80.0,4536
181,8,80.0,4154
361,8,79.9,1684
412,9,79.9,4394
22,12,79.89,4842
496,11,79.85,2396
156,13,79.8,4133
109,13,79.8,4286
113,9,79.8,2446
19,15,79.8,4320
343,5,79.75,1766
243,11,79.75,4212
400,8,79.6,4897
189,21,79.6,3811
184,8,79.5,1311
704,3,79.5,3149
316,6,79.5,2708
78,14,79.44,1599
208,10,79.4,4840
332,12,79.35,2942
359,11,79.34,2274
82,6,79.3,1424
81,10,79.3,3015
179,10,79.2,3236
487,5,79.1,1712
0,7,78.99,4058
73,9,78.9,2241
114,8,78.88,3867
54,8,78.8,4144
541,4,78.7,2697
89,10,78.7,4740
43,15,78.66,1697
30,15,78.66,3227
240,14,78.53,3327
32,13,78.5,1339
5,11,78.5,1885
102,6,78.5,2379
162,10,78.36,1345
185,11,78.33,3385
291,7,78.3,1161
2,10,78.2,3063
89,13,78.15,2800
138,14,78.1,3009
50,15,78.05,4334
110,10,78.0,2636
39,11,78.0,2410
275,10,78.0,4449
33,13,78.0,3447
22,10,78.0,2327
95,9,77.9,3658
122,11,77.85,2805
170,6,77.8,3280
32,14,77.8,4097
27,11,77.7,4322
53,14,77.7,4555
4,9,77.7,2974
101,9,77.6,3241
52,14,77.56,4319
122,11,77.54,2530
17,11,77.52,1349
61,12,77.32,2876
9,8,77.3,1461
10,8,77.25,2871
318,7,77.24,2630
442,10,77.2,3660
23,12,77.15,2653
125,8,76.95,3673
227,10,76.95,2038
1,11,76.94,4199
182,6,76.9,4363
30,11,76.9,2505
1,10,76.9,4037
242,17,76.9,4314
143,10,76.85,2979
161,6,76.8,4411
19,6,76.8,3724
234,10,76.8,4004
160,14,76.76,1969
346,9,76.71,1215
136,7,76.7,2902
164,8,76.7,2464
153,16,76.65,4372
296,6,76.65,3368
369,8,76.6,4659
241,5,76.6,1974
59,15,76.52,4121
185,13,76.5,3237
73,11,76.5,4527
199,10,76.4,2958
353,12,76.3,3038
295,10,76.3,2407
117,14,76.3,4504
149,8,76.3,2999
157,7,76.25,1660
376,11,76.2,2132
17,13,76.2,3519
26,15,76.17,4240
320,8,76.12,1955
12,12,76.1,4459
166,8,76.1,2571
395,7,76.1,4786
149,10,76.04,2864
370,5,76.0,1506
76,9,76.0,1987
134,10,76.0,3808
171,8,76.0,3930
119,11,76.0,2696
393,8,75.9,4066
350,13,75.9,1702
7,8,75.9,3210
80,10,75.86,3671
41,11,75.86,1012
249,12,75.75,4268
93,12,75.74,2565
219,6,75.7,1055
176,10,75.7,3866
179,6,75.7,3853
511,3,75.6,3223
205,10,75.6,4500
77,12,75.55,3831
598,8,75.54,3106
63,8,75.5,2483
264,6,75.5,2877
280,9,75.5,3407
91,11,75.49,1017
129,17,75.45,2613
192,9,75.45,4371
123,10,75.4,3132
333,8,75.3,4838
239,10,75.3,1171
133,7,75.2,2766
411,4,75.2,2026
44,13,75.2,3999
88,10,75.1,1014
70,7,75.04,2610
461,8,75.0,3033
473,9,75.0,3839
29,13,74.95,1354
127,11,74.9,3439
292,10,74.9,4899
1,17,74.9,2448
35,6,74.9,4910
106,9,74.9,3027
106,10,74.9,2243
31,13,74.9,3035
133,9,74.85,2561
392,10,74.8,3127
36,6,74.76,2481
90,10,74.76,4195
32,10,74.75,2188
119,11,74.7,3570
90,12,74.7,2622
211,7,74.66,1911
147,11,74.65,1113
335,9,74.6,2544
194,16,74.59,3905
229,9,74.5,2312
115,10,74.49,4728
97,10,74.44,1900
40,10,74.44,1234
7,12,74.4,3486
179,8,74.3,2695
31,13,74.3,2211
194,9,74.2,1829
292,4,74.2,2575
266,8,74.2,2207
53,11,74.2,2940
224,7,74.19,4908
308,9,74.16,1544
175,10,74.04,1426
22,9,74.0,3339
238,12,74.0,2795
61,13,73.98,4762
98,8,73.96,3665
180,15,73.92,2441
72,10,73.92,3254
148,7,73.9,4813
269,6,73.9,4558
37,6,73.9,4706
75,11,73.9,4041
78,10,73.84,1020
56,12,73.82,4025
186,10,73.7,1102
22,8,73.7,2969
147,11,73.62,3587
48,11,73.6,1123
190,7,73.6,2181
222,10,73.5,3034
38,9,73.5,1670
18,11,73.5,3645
385,2,73.5,1019
50,8,73.47,2299
76,8,73.4,2250
627,6,73.4,3320
412,8,73.4,2025
315,6,73.3,2360
163,14,73.23,2553
198,13,73.22,4501
231,9,73.2,1194
14,12,73.2,2048
296,9,73.14,4733
96,10,73.1,4432
83,9,73.1,4648
132,5,73.0,1467
40,14,73.0,3208
100,9,73.0,2703
89,7,73.0,3644
43,14,72.99,1924
294,10,72.96,1622
44,6,72.94,2705
193,6,72.9,2146
132,9,72.85,4977
345,9,72.8,1139
44,14,72.8,4431
81,9,72.8,4357
263,12,72.72,2900
161,10,72.7,4405
429,6,72.7,2559
98,9,72.6,1756
20,11,72.5,4474
156,8,72.4,3058
7,16,72.3,4416
28,10,72.22,4725
302,5,72.2,3647
136,13,72.2,4616
3,7,72.2,3271
301,12,72.2,3400
38,7,72.16,1834
411,14,72.16,4860
95,10,72.12,3928
33,12,72.1,3736
145,10,72.1,4114
343,5,72.06,2105
26,9,72.05,4478
228,8,72.0,2616
242,6,72.0,2681
24,12,72.0,3066
236,10,72.0,1938
75,10,71.96,1074
3,12,71.9,1693
243,8,71.9,2661
11,10,71.9,2829
178,13,71.9,1370
100,7,71.8,4878
63,16,71.67,3309
346,9,71.6,2804
134,13,71.5,2366
408,5,71.5,4865
44,12,71.5,2977
132,11,71.4,3762
240,7,71.4,1015
220,10,71.36,4529
31,10,71.35,3384
381,11,71.32,4650
67,8,71.3,4896
292,7,71.3,2412
280,7,71.3,2786
29,8,71.3,4246
156,8,71.25,3730
321,8,71.2,1478
541,6,71.2,3678
191,11,71.2,2830
59,9,71.1,1773
55,17,71.1,3255
90,12,71.05,4819
289,8,71.0,3428
53,4,71.0,4609
36,8,71.0,2542
236,11,70.96,3575
247,7,70.96,2980
147,5,70.9,1367
205,10,70.8,1962
50,12,70.8,3764
93,6,70.8,3017
376,7,70.79,3213
336,4,70.72,1516
184,7,70.7,4511
204,9,70.7,2782
12,9,70.7,2460
60,10,70.6,4675
28,12,70.55,2861
144,7,70.5,4970
5,4,70.5,1337
92,4,70.4,1918
50,9,70.4,3716
398,9,70.4,2921
59,9,70.4,1824
372,7,70.4,2533
349,17,70.39,4183
287,9,70.38,4013
313,4,70.32,1411
122,8,70.3,1002
198,10,70.3,4177
68,9,70.25,4122
16,10,70.2,2521
111,9,70.2,4074
141,8,70.1,2680
214,10,70.1,3717
103,10,70.1,1417
265,10,70.0,2087
94,10,70.0,2420
319,8,70.0,4901
395,8,69.92,2726
80,11,69.9,2185
113,14,69.9,1035
154,5,69.9,1875
267,5,69.8,3884
188,11,69.75,2882
355,8,69.7,1188
311,7,69.7,2328
522,6,69.65,3129
83,8,69.65,3640
237,4,69.6,3623
68,15,69.6,3985
42,12,69.6,3986
27,12,69.5,1615
133,7,69.5,2488
225,8,69.5,2744
17,12,69.41,2239
95,7,69.4,2134
72,11,69.4,2091
207,15,69.4,2955
264,6,69.35,2809
110,12,69.32,4697
217,9,69.3,2702
171,7,69.3,3285
164,15,69.26,3399
341,7,69.26,4414
125,14,69.25,1722
98,10,69.23,4088
118,8,69.2,4873
97,8,69.2,2119
291,10,69.1,1205
135,9,69.1,3338
366,8,69.1,4963
7,9,69.04,4003
74,12,69.0,2796
272,10,68.9,2732
353,5,68.9,4231
119,10,68.9,3615
302,13,68.9,1822
237,12,68.8,3480
104,5,68.8,1151
155,9,68.8,3023
64,11,68.8,4794
306,7,68.7,4310
434,4,68.7,2929
14,15,68.7,4192
425,7,68.6,3277
55,7,68.6,4672
315,8,68.6,1217
135,7,68.5,1304
342,8,68.5,1115
424,7,68.5,1868
157,9,68.5,4103
134,3,68.4,4928
228,10,68.4,1403
152,8,68.4,1212
147,9,68.4,3459
48,13,68.3,4686
147,10,68.22,3222
165,5,68.2,2118
213,11,68.15,2247
240,14,68.1,4931
458,6,68.1,2424
200,9,68.0,4591
230,7,67.95,1550
41,8,67.94,4489
214,8,67.9,3664
74,13,67.8,1937
154,4,67.8,2842
41,9,67.8,2020
280,5,67.78,2462
276,11,67.7,1867
41,14,67.65,1230
423,5,67.6,2923
41,11,67.56,1125
95,13,67.54,2712
279,5,67.5,2583
470,8,67.46,4823
122,11,67.45,3698
117,6,67.36,3798
122,11,67.3,1815
35,10,67.3,2314
178,10,67.25,1128
378,11,67.2,1747
385,6,67.2,1680
104,6,67.2,2635
355,7,67.15,1831
404,10,67.1,4684
30,9,67.1,2914
38,6,67.1,4781
249,6,67.06,1270
101,12,67.05,4403
14,12,67.0,3168
233,6,66.9,1562
166,6,66.9,3650
115,10,66.83,2402
235,6,66.8,4061
95,7,66.7,1784
55,10,66.7,1883
187,8,66.7,1140
191,12,66.7,1307
252,8,66.7,2085
27,14,66.6,4294
15,8,66.6,4607
57,8,66.5,2880
19,7,66.45,1518
420,4,66.4,1070
482,9,66.4,4561
231,9,66.3,3953
310,6,66.25,4360
2,6,66.2,4159
392,2,66.2,4732
80,6,66.2,2780
15,12,66.2,4748
145,7,66.1,3183
14,9,66.01,2044
359,8,66.0,4075
110,4,66.0,2983
0,14,65.9,1527
160,5,65.9,3978
104,10,65.8,2904
596,5,65.8,1082
209,12,65.76,2058
271,4,65.75,1795
582,6,65.7,2917
343,12,65.65,4544
81,9,65.5,2623
184,13,65.5,2261
18,8,65.5,4238
207,6,65.46,1781
138,11,65.44,3010
94,14,65.44,3612
252,8,65.35,4100
72,7,65.3,2528
153,9,65.3,3256
115,12,65.3,2165
590,2,65.2,3740
191,7,65.1,2749
380,9,65.1,3123
31,6,65.1,4532
472,7,65.06,4654
75,6,65.0,1926
263,12,65.0,4348
229,8,64.9,2257
38,15,64.76,3760
17,7,64.7,3516
51,11,64.67,3520
17,7,64.66,3394
76,7,64.6,1031
304,4,64.6,4716
128,11,64.5,3324
416,6,64.43,3457
76,4,64.4,3802
572,8,64.35,4370
91,6,64.3,4381
49,6,64.3,3534
230,11,64.3,2470
44,12,64.2,4260
186,2,64.2,2203
125,5,64.2,3374
23,9,64.2,2824
28,15,64.1,1332
121,7,64.1,2023
1,12,64.07,2309
56,6,64.06,1195
222,6,64.0,4723
9,6,63.9,3440
325,2,63.9,2503
538,7,63.88,1274
134,9,63.8,1319
381,7,63.8,1413
161,6,63.8,3485
118,10,63.8,4457
280,8,63.72,3925
47,9,63.7,4582
98,10,63.6,4687
232,5,63.6,3837
446,7,63.6,4404
149,13,63.6,4035
128,10,63.54,1514
308,8,63.51,2111
199,9,63.5,3784
87,5,63.5,3567
594,7,63.5,4770
126,3,63.5,4602
5,10,63.45,2548
564,10,63.45,3895
515,6,63.4,4957
344,5,63.4,4390
330,6,63.4,3984
243,11,63.36,3934
439,5,63.3,2823
484,8,63.26,1446
180,11,63.2,2807
41,11,63.16,2924
307,6,63.1,1351
291,7,62.95,1718
107,8,62.95,2750
101,8,62.9,2664
114,11,62.8,3705
445,5,62.8,1249
27,8,62.8,3088
339,8,62.8,2135
61,8,62.75,2260
60,10,62.7,4244
355,10,62.7,2935
85,5,62.7,1362
145,12,62.65,1774
358,6,62.64,2351
535,5,62.62,1644
262,12,62.6,3666
122,8,62.54,4193
355,9,62.5,1495
31,12,62.5,1846
58,12,62.5,1365
80,6,62.46,2034
295,10,62.45,1903
478,9,62.44,4578
8,10,62.42,2489
223,12,62.4,3690
272,8,62.4,4935
151,8,62.4,3869
49,11,62.4,2422
175,8,62.4,4726
160,8,62.35,1295
116,8,62.3,1049
21,4,62.3,4604
77,10,62.3,4284
164,10,62.25,2148
357,7,62.16,3316
61,9,62.16,3952
271,5,62.1,4475
97,11,62.1,2669
46,8,62.06,1207
310,10,62.05,4583
170,6,61.9,4597
6,10,61.9,3961
312,8,61.9,4876
201,17,61.82,1995
134,4,61.8,2624
340,8,61.8,2698
336,11,61.79,2912
31,9,61.75,1331
97,8,61.74,3463
270,12,61.74,3086
360,6,61.7,4157
94,8,61.6,1864
161,10,61.6,1202
30,10,61.6,1223
79,11,61.55,4410
136,11,61.54,3424
93,12,61.5,2741
21,9,61.5,3927
188,8,61.42,1849
44,10,61.42,4629
46,8,61.4,1678
63,15,61.4,4744
84,13,61.4,4508
44,8,61.4,3145
42,7,61.4,2115
373,10,61.34,4991
343,5,61.3,3379
342,6,61.3,3754
125,8,61.3,3020
3,9,61.25,2508
256,6,61.2,1904
260,13,61.14,1240
48,8,61.1,2639
431,5,61.1,1525
133,11,61.05,3987
475,8,60.94,4622
188,6,60.9,2125
233,9,60.9,4264
90,7,60.9,2108
420,7,60.9,3616
205,6,60.9,1629
130,4,60.86,3742
97,9,60.85,4359
156,7,60.8,1298
28,11,60.8,2956
164,5,60.8,2945
153,7,60.8,4450
53,12,60.7,3220
338,8,60.7,2606
159,9,60.7,3551
306,6,60.7,3420
190,13,60.7,1489
1,8,60.65,4285
323,8,60.65,1003
406,8,60.62,2388
358,7,60.6,3912
32,10,60.55,2699
148,7,60.54,3219
419,8,60.4,3921
84,12,60.4,2685
253,6,60.4,4016
242,8,60.4,1536
294,9,60.36,4620
330,10,60.36,2927
80,11,60.3,2920
423,9,60.22,3731
53,6,60.14,1533
257,9,60.05,1847
130,12,60.0,3252
59,8,60.0,3452
97,8,60.0,4954
243,8,60.0,4116
155,8,59.94,4881
80,4,59.9,4965
234,8,59.9,3851
88,10,59.9,2361
322,11,59.9,1174
180,12,59.8,3515
303,5,59.8,2172
412,10,59.75,3382
236,7,59.7,1346
137,6,59.7,4507
218,8,59.6,4664
36,11,59.6,2899
448,7,59.52,3157
283,6,59.5,4053
269,6,59.5,4571
571,6,59.45,2965
307,8,59.42,4665
454,8,59.4,1791
134,7,59.4,3055
3,7,59.3,3006
53,7,59.3,2536
29,7,59.22,1902
101,10,59.21,1512
590,6,59.2,4256
352,8,59.2,2264
380,8,59.2,2802
158,7,59.1,1064
16,6,59.1,3838
49,3,59.1,2598
460,7,59.1,4586
346,7,59.1,4547
25,10,59.1,1524
75,6,59.04,2078
217,6,59.0,3415
134,10,59.0,4593
318,7,58.95,4477
275,8,58.9,4919
280,10,58.9,1751
354,6,58.9,1214
173,8,58.76,2195
30,9,58.75,1088
94,8,58.72,3772
536,6,58.7,2994
353,7,58.7,2276
45,11,58.6,1764
108,9,58.5,2934
310,11,58.5,4377
14,10,58.44,1037
138,6,58.42,4254
525,6,58.4,3110
68,6,58.4,2557
205,5,58.4,2936
98,6,58.36,2846
334,10,58.3,3021
127,10,58.3,4369
91,4,58.3,3859
54,14,58.26,4166
51,6,58.2,1056
142,4,58.2,1024
328,8,58.2,1597
40,9,58.19,1306
176,13,58.04,4065
104,6,58.0,1348
26,8,58.0,2076
295,7,57.95,4833
88,11,57.93,3697
287,5,57.9,4198
176,9,57.85,3861
437,9,57.8,1268
61,8,57.76,1095
12,9,57.7,3816
199,11,57.6,4125
80,10,57.6,1676
169,11,57.6,4009
233,3,57.6,2282
118,10,57.6,4466
97,5,57.6,4161
493,4,57.5,2531
75,8,57.5,4219
20,13,57.5,1199
256,7,57.5,1547
58,8,57.5,1772
3,7,57.45,1763
59,7,57.4,2875
366,8,57.4,1246
273,10,57.4,1664
379,6,57.39,2679
31,9,57.3,2326
139,9,57.3,2471
320,11,57.25,3257
155,10,57.22,3840
157,6,57.2,4898
223,6,57.2,2657
190,8,57.2,1578
296,4,57.2,1953
511,4,57.15,3936
347,8,57.1,2472
292,4,57.0,4768
92,10,56.96,1302
113,6,56.9,1988
3,8,56.9,2506
151,11,56.8,2158
268,8,56.8,2933
110,4,56.8,3594
151,10,56.7,1517
24,9,56.65,1843
87,6,56.65,4089
122,6,56.6,2371
230,11,56.55,3310
415,7,56.5,4443
102,11,56.45,2837
196,8,56.43,2444
46,7,56.4,3202
36,12,56.4,2106
259,11,56.34,3893
478,10,56.32,1852
156,8,56.3,2671
233,4,56.2,4173
393,9,56.16,4132
220,4,56.1,1394
63,8,56.1,1498
227,6,56.1,3750
197,5,56.1,4619
213,4,55.9,1739
306,4,55.8,3975
222,10,55.8,4705
149,8,55.8,2939
9,7,55.78,4343
129,6,55.7,2458
65,6,55.7,4909
399,7,55.69,3279
339,6,55.6,4966
111,11,55.6,3896
21,7,55.5,3265
226,8,55.45,4752
351,3,55.4,3770
11,12,55.34,2010
16,9,55.3,2843
51,8,55.3,1717
98,7,55.3,3781
509,6,55.3,4709
10,11,55.2,2074
215,4,55.1,2249
130,6,55.1,1912
423,5,55.1,3696
161,9,55.04,1698
285,12,55.0,1291
15,12,54.9,1961
180,8,54.9,4080
340,15,54.85,3026
152,6,54.8,1386
386,5,54.8,1689
319,9,54.7,3525
160,8,54.7,3554
60,4,54.7,1981
209,9,54.6,4245
337,6,54.56,1451
249,12,54.5,1143
150,10,54.5,4655
88,9,54.45,1449
155,7,54.45,2032
26,10,54.4,1150
144,12,54.4,2903
445,4,54.4,3040
131,8,54.3,4439
298,8,54.3,2205
193,8,54.23,2943
308,6,54.2,4420
372,5,54.2,3024
232,10,54.2,4559
181,5,54.15,2891
194,7,54.1,3068
346,5,54.1,3813
16,9,54.1,1163
157,5,54.0,3330
57,7,54.0,1301
97,9,53.95,3787
94,8,53.95,4764
232,9,53.9,1803
451,11,53.86,4649
181,4,53.8,2740
49,8,53.8,2368
35,13,53.8,1000
555,3,53.76,4200
267,6,53.72,3473
64,2,53.7,2281
382,9,53.6,3667
48,9,53.6,2147
253,5,53.6,2080
16,8,53.55,2620
104,8,53.55,4711
320,10,53.54,2763
56,5,53.49,4513
93,10,53.4,3401
53,8,53.4,1021
237,6,53.4,3810
137,11,53.39,4790
43,5,53.38,4385
25,16,53.35,1580
437,6,53.32,4422
119,6,53.3,1138
40,11,53.3,1111
427,5,53.3,4615
232,7,53.3,3577
430,7,53.23,4341
369,7,53.2,4771
290,8,53.2,2908
22,11,53.2,1679
394,10,53.17,1964
65,5,53.1,2586
141,5,53.1,2527
239,6,53.09,2352
88,9,53.05,4944
131,8,53.0,2064
285,9,52.8,4149
133,9,52.74,1669
252,9,52.72,4950
106,9,52.6,3815
79,4,52.5,1378
129,13,52.5,3897
62,10,52.5,4493
123,7,52.5,3513
373,4,52.35,3249
415,3,52.34,3941
138,4,52.3,2833
368,6,52.3,2323
194,8,52.3,3411
370,4,52.3,2576
222,11,52.22,4115
358,9,52.2,2831
351,9,52.2,3378
234,7,52.12,3387
363,7,52.1,2768
376,5,52.04,4271
367,7,52.0,1101
87,6,51.94,2397
193,6,51.94,1253
171,4,51.9,1485
63,10,51.9,2109
193,4,51.9,3253
248,6,51.86,2890
346,8,51.85,4856
37,6,51.85,2007
158,9,51.85,4298
248,9,51.83,1186
300,5,51.8,3969
361,9,51.8,1546
234,10,51.75,1996
242,13,51.7,4868
366,4,51.6,4465
313,4,51.6,2438
143,6,51.6,1047
131,14,51.56,2390
134,12,51.55,3528
13,10,51.5,2345
311,4,51.5,4205
36,5,51.4,4393
95,5,51.3,1318
239,7,51.27,3860
68,6,51.2,3406
164,5,51.2,1907
331,8,51.1,3493
291,8,51.1,4349
76,11,51.05,1881
105,4,51.0,3979
27,8,51.0,3662
150,6,51.0,3156
228,11,51.0,1869
190,5,51.0,3198
508,6,50.9,1258
109,14,50.9,1077
394,3,50.9,1813
99,10,50.9,3496
79,8,50.85,1705
341,8,50.8,1760
179,12,50.8,4822
66,8,50.8,3426
41,6,50.8,4751
15,7,50.8,2392
357,10,50.75,4911
242,9,50.7,2353
109,5,50.7,2797
68,4,50.7,1072
464,4,50.6,1433
318,6,50.6,4858
2,7,50.6,3235
10,8,50.5,3601
67,6,50.49,3676
145,4,50.44,4210
32,5,50.4,2728
162,4,50.4,3585
319,8,50.36,4304
139,11,50.34,3674
387,4,50.3,2812
346,9,50.2,3267
678,6,50.2,4140
83,9,50.15,4172
145,11,50.12,1421
13,11,50.1,3694
92,10,50.1,4085
98,10,50.1,3413
42,10,50.0,3886
111,6,50.0,4331
215,7,50.0,1732
39,9,50.0,4355
63,7,50.0,1078
31,8,49.94,3729
119,9,49.92,3259
68,6,49.9,4605
18,10,49.9,4265
81,9,49.85,2742
76,10,49.83,1980
50,7,49.8,2838
77,4,49.8,1812
196,7,49.7,1529
152,6,49.7,2450
489,11,49.6,1935
279,6,49.6,1316
77,10,49.5,1746
65,6,49.5,3807
80,7,49.5,4413
218,6,49.5,3726
397,8,49.5,1434
87,6,49.5,3916
443,6,49.46,1423
2,11,49.4,3209
198,9,49.4,3828
80,6,49.4,2009
616,4,49.4,4599
309,11,49.4,2984
269,10,49.35,3264
60,7,49.3,1502
287,10,49.3,4342
509,8,49.3,2522
223,8,49.3,2594
158,7,49.3,2143
60,8,49.22,2827
409,6,49.2,1147
29,11,49.2,2682
320,7,49.15,3611
171,8,49.15,4460
199,8,49.1,4273
74,11,49.1,1158
259,4,49.0,2378
612,2,49.0,2126
246,11,48.9,4216
313,6,48.9,3397
661,4,48.9,1568
323,5,48.89,3939
132,8,48.8,4229
86,9,48.75,1009
452,4,48.74,1260
337,8,48.74,3923
192,8,48.7,4651
227,7,48.64,4849
111,10,48.6,1818
255,10,48.6,1752
138,5,48.6,1631
51,10,48.5,1499
85,11,48.5,3307
77,6,48.5,4848
618,6,48.4,2411
2,10,48.4,3622
391,7,48.4,1134
52,7,48.39,4702
105,11,48.3,3980
152,8,48.3,2516
130,7,48.3,3096
53,9,48.3,1431
113,8,48.2,2753
296,4,48.2,3940
225,8,48.2,3112
99,8,48.11,2062
275,10,48.1,4094
34,11,48.1,1040
438,6,48.1,3989
22,8,48.1,4903
449,4,48.1,3618
113,9,48.02,3759
49,8,48.0,1604
705,2,47.9,4815
413,6,47.9,4887
2,10,47.9,2295
210,8,47.9,4171
222,6,47.7,3302
467,4,47.7,4374
346,6,47.7,4542
128,10,47.7,1872
137,4,47.6,2016
578,6,47.46,1387
127,6,47.4,4644
339,8,47.4,1897
645,3,47.4,4055
99,4,47.4,2039
531,7,47.3,3263
56,8,47.3,4017
296,9,47.3,4539
201,11,47.3,1801
35,8,47.3,3563
71,7,47.3,2002
177,8,47.25,1848
245,6,47.1,2670
22,12,47.1,3178
177,11,47.1,1605
140,8,47.1,1280
223,8,47.05,1261
348,6,47.0,4185
367,7,46.95,3065
206,12,46.9,4462
128,7,46.9,1458
13,11,46.9,4841
322,4,46.9,2859
94,9,46.82,1799
336,6,46.8,4713
159,4,46.8,3630
90,6,46.7,3445
4,6,46.7,2922
101,13,46.7,2480
175,6,46.7,3195
270,6,46.6,4731
526,6,46.6,1262
137,6,46.5,4738
226,7,46.45,2485
132,11,46.45,2709
330,9,46.42,4847
580,4,46.4,1359
181,9,46.4,3283
589,8,46.4,1569
189,12,46.37,4259
116,8,46.25,4361
38,8,46.2,3546
187,9,46.15,2427
566,5,46.06,4480
601,6,46.04,3003
211,3,46.0,3648
490,4,46.0,1589
163,5,46.0,3892
254,9,45.92,4408
256,4,45.9,3212
37,10,45.9,2082
39,8,45.84,4798
451,4,45.8,3125
38,6,45.8,2818
310,6,45.8,1842
182,5,45.76,2655
191,11,45.7,3011
43,4,45.7,3512
241,11,45.7,4069
42,8,45.7,3455
22,4,45.7,3076
360,4,45.7,2455
214,4,45.66,2228
366,7,45.6,2183
30,6,45.55,1538
477,11,45.52,3502
212,11,45.52,3966
41,10,45.52,1770
87,4,45.5,1490
390,4,45.5,3381
431,12,45.5,3487
96,6,45.45,3151
333,7,45.44,3159
68,9,45.4,3801
178,7,45.4,3060
393,6,45.4,4917
11,8,45.34,4839
102,6,45.3,1873
88,12,45.3,2941
594,7,45.3,1686
405,8,45.3,4956
305,6,45.2,1405
273,12,45.2,3344
77,6,45.2,3351
23,7,45.2,4516
365,8,45.15,3965
455,6,45.1,1548
333,3,44.92,2566
652,4,44.9,3541
121,7,44.8,1909
236,9,44.75,4048
325,6,44.72,4270
6,7,44.7,4626
47,6,44.7,4034
37,6,44.7,2003
200,7,44.7,4553
37,4,44.6,4452
114,8,44.6,2113
167,4,44.5,4774
150,5,44.4,1714
339,8,44.4,3303
372,8,44.35,4854
97,10,44.32,1425
347,8,44.3,3795
148,4,44.2,1965
337,8,44.2,4415
145,9,44.2,2156
271,7,44.2,1388
211,8,44.2,3423
491,7,44.15,1393
307,6,44.12,4090
0,5,44.09,3191
379,6,44.0,4488
7,5,43.95,4874
93,6,43.9,3755
588,7,43.9,2644
70,9,43.9,1054
139,10,43.9,3458
454,6,43.85,2177
186,11,43.84,4397
545,4,43.8,4278
162,4,43.8,3318
27,9,43.8,2981
405,6,43.76,4339
433,7,43.75,4329
137,6,43.7,1590
285,6,43.6,3217
273,7,43.6,2642
371,7,43.56,2619
15,5,43.52,3341
285,8,43.5,4818
207,9,43.5,3767
197,5,43.5,1184
248,9,43.45,2962
102,8,43.4,2608
173,10,43.37,1135
49,10,43.35,1950
42,12,43.35,2545
158,8,43.24,3331
456,11,43.22,1877
332,6,43.2,4668
181,6,43.2,3169
156,7,43.2,2538
156,6,43.1,4070
5,8,43.0,1730
92,6,43.0,1382
482,7,42.85,4290
142,6,42.84,2278
485,11,42.8,3142
2,5,42.8,2588
133,6,42.62,1025
114,11,42.6,4895
711,2,42.6,4978
270,8,42.6,4300
366,9,42.42,4046
316,4,42.4,4647
258,6,42.4,3977
25,8,42.35,3061
204,7,42.3,1805
218,6,42.3,3532
151,6,42.2,1990
60,8,42.2,2627
137,6,42.2,1936
262,5,42.1,3250
38,9,42.04,4502
33,6,41.92,4484
352,3,41.9,1977
168,4,41.9,4850
35,6,41.86,1635
314,6,41.85,4407
523,5,41.82,3359
425,6,41.8,4021
483,6,41.7,2674
192,8,41.7,4001
134,6,41.6,2324
352,2,41.6,1667
383,4,41.4,2886
359,2,41.4,3043
227,6,41.4,4971
80,2,41.4,1775
443,6,41.32,2593
142,6,41.3,2721
190,4,41.2,4282
447,5,41.2,2027
35,5,41.15,2486
258,4,41.15,2179
137,7,41.1,1728
285,5,41.0,1570
310,6,41.0,1383
1,7,41.0,3118
32,10,40.95,3039
35,7,40.95,2168
445,5,40.9,1530
367,5,40.9,1840
57,8,40.9,1323
502,2,40.9,4083
455,8,40.85,1738
42,10,40.7,1282
233,5,40.6,1236
74,7,40.5,2206
283,4,40.42,1511
414,8,40.4,2155
179,8,40.3,3564
577,5,40.26,2949
64,10,40.25,1104
76,6,40.2,3075
447,9,40.2,4401
548,4,40.2,3464
261,5,40.14,3074
141,4,40.1,2173
351,10,40.05,2479
179,4,40.03,2913
382,4,40.0,3514
29,7,40.0,3016
489,6,39.95,4318
181,2,39.9,2263
150,4,39.9,3291
53,10,39.9,4196
385,6,39.8,4955
42,6,39.8,2704
437,4,39.8,1263
389,5,39.8,4311
551,6,39.8,1650
431,4,39.76,4250
34,8,39.75,1985
392,4,39.7,4168
139,6,39.7,1099
129,6,39.7,4428
389,9,39.7,4758
10,11,39.6,2101
84,6,39.6,1672
134,4,39.6,1919
320,6,39.55,4888
146,6,39.5,4287
39,10,39.5,4727
430,2,39.5,3233
217,2,39.4,2572
263,5,39.4,4020
6,9,39.35,2301
495,2,39.3,3533
286,8,39.22,3854
286,4,39.1,1448
80,6,39.1,2190
25,7,39.04,1720
400,8,39.02,1244
6,6,39.0,3092
508,7,39.0,2626
441,4,39.0,1942
597,6,38.9,1657
118,4,38.9,4724
50,8,38.9,1058
10,8,38.82,3712
115,6,38.75,4167
259,4,38.7,1666
393,7,38.7,1418
157,6,38.7,1854
249,5,38.7,1858
45,8,38.66,4014
327,6,38.65,2967
360,10,38.62,1575
229,6,38.6,1927
572,3,38.6,2123
506,6,38.59,3150
315,5,38.54,2313
17,4,38.42,3888
346,7,38.42,2283
155,4,38.4,4551
429,6,38.4,1809
366,7,38.35,2611
262,6,38.3,3441
357,8,38.3,1585
87,5,38.3,2461
197,5,38.29,2667
281,9,38.25,1828
396,4,38.2,3278
92,6,38.2,2095
44,8,38.2,1181
649,6,38.2,4458
52,7,38.2,3352
76,7,38.2,4677
404,2,38.1,2791
405,5,38.0,2892
244,8,37.95,4701
367,8,37.9,3561
220,6,37.9,3143
227,2,37.9,1701
26,10,37.85,2476
455,6,37.8,1694
48,9,37.8,4063
237,5,37.8,2546
136,6,37.75,2187
54,9,37.74,3929
369,6,37.73,2737
96,9,37.69,4640
239,7,37.66,4176
8,7,37.65,2951
94,5,37.6,1539
549,9,37.59,2778
183,7,37.58,1376
481,4,37.5,3335
438,4,37.5,4174
441,4,37.5,4534
168,5,37.5,2770
137,4,37.4,4810
189,6,37.34,3305
278,2,37.2,1555
102,4,37.2,2739
134,7,37.2,4696
336,6,37.1,4051
214,9,37.1,2343
643,4,37.1,4317
155,6,37.06,1409
212,6,37.05,3553
101,6,37.0,4079
263,9,37.0,1627
60,8,37.0,4934
228,6,36.96,3578
343,6,36.9,1573
252,5,36.9,2634
34,6,36.9,4139
493,3,36.8,2858
63,8,36.8,4763
147,11,36.8,1374
74,7,36.8,1545
372,8,36.7,4830
290,2,36.7,2714
621,6,36.65,4663
118,9,36.6,2788
60,4,36.6,4882
67,10,36.6,4614
105,5,36.6,1941
209,7,36.55,1914
140,9,36.54,2067
348,4,36.5,1830
69,9,36.5,1173
367,6,36.5,3753
79,8,36.4,4368
157,5,36.4,2060
138,3,36.3,2895
315,8,36.3,1389
172,4,36.2,3085
516,6,36.16,3628
20,8,36.1,2673
567,5,36.1,3218
0,4,36.1,4863
133,9,36.0,4960
192,8,35.96,3659
623,7,35.92,3403
154,9,35.9,1874
45,8,35.9,1508
531,3,35.9,3477
10,9,35.9,2888
519,4,35.8,4209
325,6,35.8,3800
436,7,35.8,2098
444,6,35.76,1607
75,6,35.75,1042
194,6,35.7,3974
77,8,35.6,2537
315,5,35.59,2995
353,4,35.5,2280
75,8,35.5,4635
169,10,35.45,1596
291,10,35.4,2585
152,8,35.4,1364
37,6,35.4,3955
126,5,35.3,4087
131,5,35.25,2046
227,9,35.2,1154
0,10,35.2,3738
275,9,35.1,1617
518,4,35.1,3792
6,6,35.1,1463
532,5,35.1,3057
155,4,35.1,4857
258,5,35.0,2377
207,4,35.0,3638
612,5,35.0,1563
423,7,34.9,1487
401,4,34.8,1201
222,6,34.8,1105
404,4,34.8,1453
517,4,34.8,2423
24,6,34.77,2520
395,4,34.7,3901
348,4,34.7,4354
44,7,34.65,1916
220,3,34.6,1117
84,6,34.6,1145
18,7,34.6,1149
220,8,34.5,1571
602,6,34.44,2094
33,8,34.42,1196
108,6,34.4,4861
252,4,34.4,1709
417,8,34.4,1879
187,6,34.3,3461
162,6,34.3,2253
15,8,34.3,3417
420,4,34.24,4974
157,6,34.22,3135
227,6,34.2,4682
451,5,34.2,1645
52,7,34.15,2926
152,7,34.1,3871
155,6,34.1,4943
282,6,34.0,1771
271,6,34.0,4581
43,5,34.0,3319
184,4,33.96,2429
168,2,33.9,1368
6,2,33.9,3199
466,4,33.9,3725
216,8,33.9,3720
356,6,33.82,3914
184,7,33.71,3317
348,6,33.7,2318
207,6,33.7,4033
16,10,33.7,3475
0,7,33.6,2970
7,6,33.6,2677
333,5,33.55,3332
88,6,33.5,3876
174,8,33.4,3695
390,6,33.4,2662
702,4,33.4,2725
137,4,33.4,3056
487,6,33.35,2605
150,4,33.32,2275
437,7,33.3,2258
54,6,33.3,2114
337,4,33.3,2347
117,7,33.22,2030
35,2,33.2,4905
392,4,33.2,3131
221,8,33.1,3242
19,6,33.02,4400
77,2,33.0,4998
182,7,33.0,1232
91,4,33.0,3211
9,6,33.0,1122
576,4,33.0,2199
58,7,32.9,4811
140,5,32.9,1861
166,8,32.9,3521
80,7,32.9,4670
671,2,32.8,3367
163,5,32.8,4518
248,5,32.76,4327
659,5,32.7,3964
324,5,32.7,2088
165,4,32.66,1459
143,6,32.62,1633
144,7,32.6,1593
362,6,32.6,2384
454,4,32.6,1219
309,5,32.6,3747
47,5,32.54,2057
522,6,32.54,1317
130,6,32.5,4570
522,6,32.5,3820
183,4,32.5,2919
122,7,32.45,2013
299,4,32.44,4047
76,5,32.4,3885
223,6,32.4,4533
131,4,32.4,2856
165,6,32.4,1727
380,6,32.3,3425
490,6,32.3,2036
3,6,32.3,3641
173,4,32.3,3908
100,8,32.2,2053
570,8,32.15,1057
475,4,32.12,2651
289,2,32.1,1577
22,4,32.0,2006
31,8,32.0,3449
160,7,31.9,1408
90,4,31.9,2845
550,4,31.86,2603
263,6,31.84,4145
410,4,31.75,3992
20,8,31.74,4575
137,7,31.74,1085
399,6,31.7,2966
624,3,31.54,3565
36,4,31.5,3152
244,4,31.5,3326
71,6,31.44,4081
11,5,31.4,3019
87,6,31.4,3945
151,7,31.4,4913
130,8,31.3,3710
280,4,31.2,3791
578,6,31.2,4674
290,4,31.1,4936
65,9,31.1,3890
275,5,31.1,1164
347,4,31.1,2887
326,5,31.1,1429
468,6,31.1,3805
297,9,31.0,2141
304,7,31.0,3172
265,6,30.8,3069
468,7,30.8,2174
6,5,30.75,3147
458,7,30.65,2451
655,2,30.62,1121
377,8,30.6,3550
345,4,30.6,2214
24,6,30.59,3188
544,4,30.55,1189
267,5,30.5,4625
94,7,30.5,2631
467,4,30.5,4481
56,5,30.44,3196
323,4,30.35,3004
168,4,30.3,2329
36,4,30.25,4332
160,5,30.2,2335
273,7,30.1,3852
317,6,30.0,1920
347,5,30.0,3073
507,2,30.0,4802
573,3,30.0,1447
31,6,30.0,1665
201,5,30.0,1662
292,8,29.8,2468
562,7,29.75,2259
253,5,29.7,4907
567,2,29.7,1470
208,7,29.5,2954
66,8,29.45,2577
266,6,29.4,3313
161,6,29.3,2733
382,6,29.22,4983
148,5,29.2,4801
130,8,29.2,2798
132,5,29.2,1683
72,5,29.2,4927
303,7,29.2,1598
702,2,29.14,3825
275,3,29.14,2734
575,4,29.1,1166
323,9,29.1,4479
576,4,29.0,4995
144,6,28.98,2862
172,4,28.9,3542
230,8,28.9,3636
521,2,28.8,1272
186,6,28.8,3018
266,6,28.74,4729
577,4,28.65,2881
476,6,28.6,2308
234,4,28.6,1841
141,6,28.6,4136
250,7,28.6,4979
438,4,28.6,3177
403,2,28.6,4639
36,10,28.5,4996
74,8,28.5,4552
179,7,28.45,3494
122,4,28.4,4714
355,5,28.4,1192
114,5,28.3,3047
125,5,28.3,4611
211,5,28.21,2976
148,6,28.2,2220
474,6,28.2,2541
516,6,28.2,3722
460,2,28.2,3448
284,6,28.2,3870
145,4,28.1,4595
376,4,28.1,3366
9,2,28.0,3391
63,7,27.96,2774
23,4,27.94,3404
101,6,27.9,3012
40,6,27.9,3244
419,6,27.8,3569
21,7,27.76,4242
187,4,27.75,3707
193,5,27.7,2227
543,3,27.7,2931
345,4,27.7,1531
586,4,27.6,4948
330,8,27.4,3386
662,4,27.4,1640
57,5,27.4,4829
349,7,27.34,4409
539,5,27.3,3008
120,5,27.3,3078
323,5,27.3,2192
612,2,27.24,3826
580,4,27.2,2615
454,6,27.1,4241
131,6,27.1,4866
137,4,27.1,2084
110,6,27.1,4189
668,5,27.0,2334
206,5,27.0,1334
375,4,27.0,2686
121,8,27.0,3451
304,2,27.0,1238
408,5,26.9,2853
209,7,26.9,2477
75,7,26.9,2658
175,4,26.85,3711
0,5,26.8,1769
460,2,26.8,1255
697,2,26.8,2828
134,8,26.7,1685
117,6,26.5,1344
182,6,26.4,2473
357,7,26.4,4987
265,4,26.36,1112
699,2,26.3,4884
376,4,26.3,2342
104,5,26.3,1794
14,4,26.2,2285
356,7,26.2,2398
455,4,26.1,4900
84,5,26.1,3269
95,8,26.05,1200
430,2,26.0,4517
274,5,26.0,3231
4,8,25.97,4985
607,6,25.9,1586
211,5,25.9,1972
607,6,25.8,1445
184,4,25.8,4027
317,2,25.8,3788
218,6,25.7,1610
485,4,25.6,1284
146,7,25.6,3739
199,6,25.45,1159
99,10,25.44,1132
248,6,25.4,3288
66,4,25.4,1044
235,7,25.3,3293
66,3,25.3,4186
197,2,25.3,1876
459,4,25.2,2621
355,4,25.2,1960
6,4,25.2,3001
248,7,25.2,4315
118,7,25.2,3708
595,4,25.14,2776
48,3,25.1,4141
506,5,25.1,1338
623,2,25.0,2866
451,4,25.0,3632
258,6,25.0,4902
253,5,24.82,4052
683,4,24.8,2322
24,6,24.7,3836
589,2,24.7,4237
81,2,24.7,2752
663,4,24.7,4143
240,4,24.6,1273
208,4,24.55,3032
596,4,24.5,4005
429,5,24.5,3602
204,4,24.5,1707
270,4,24.5,3432
547,6,24.4,4870
236,6,24.4,4225
671,4,24.4,4791
667,2,24.4,1352
323,6,24.3,1786
115,6,24.3,1357
43,2,24.2,2216
401,2,24.2,2820
7,2,24.1,4436
108,2,24.0,1156
706,4,24.0,1005
545,8,24.0,3238
16,4,24.0,4123
185,4,23.9,2050
209,4,23.8,1481
673,2,23.8,3372
73,6,23.8,1048
642,2,23.7,4621
393,4,23.7,4383
74,2,23.7,4425
394,8,23.6,1369
203,5,23.52,3434
317,4,23.5,1167
162,3,23.5,4429
12,4,23.48,2822
25,7,23.4,4535
310,2,23.4,4844
341,6,23.3,1594
95,4,23.3,1975
180,4,23.2,4560
30,4,23.15,4964
412,6,23.1,3383
244,4,23.1,4612
210,8,23.1,1299
337,5,23.1,2767
382,6,23.0,2457
73,7,23.0,4031
112,4,23.0,2501
74,8,22.85,3568
182,2,22.8,4333
543,6,22.8,1891
507,2,22.8,2198
276,4,22.7,1790
67,4,22.7,1292
0,6,22.7,2140
232,4,22.6,2015
126,5,22.6,2609
28,4,22.56,1886
48,4,22.56,1193
298,4,22.5,4347
15,8,22.5,4184
526,2,22.4,2567
329,2,22.4,1119
300,7,22.4,3540
446,8,22.35,2801
478,4,22.3,4093
279,2,22.2,3336
248,7,22.15,4984
412,4,22.1,2722
179,5,22.05,3052
543,2,21.96,4307
169,8,21.9,4658
381,2,21.9,1871
226,8,21.9,4522
323,7,21.8,5000
551,4,21.8,3146
210,5,21.8,1464
121,4,21.7,1944
56,6,21.6,3958
504,2,21.6,3314
7,4,21.6,3286
197,4,21.6,3906
137,4,21.53,4483
215,6,21.5,2985
45,4,21.4,2848
304,6,21.3,3538
442,3,21.2,3555
206,4,21.2,4497
75,4,21.1,2526
377,5,21.1,2180
310,5,21.1,3037
116,5,21.0,3734
574,2,21.0,2414
482,2,21.0,1300
647,6,21.0,4520
114,7,20.9,4689
578,2,20.9,1556
333,4,20.8,1957
492,2,20.75,4980
386,7,20.7,3466
145,5,20.7,2493
182,4,20.7,1068
45,4,20.6,2539
352,2,20.6,2021
329,2,20.6,1695
422,4,20.6,2121
623,2,20.6,2987
294,2,20.55,2103
287,2,20.4,1455
637,2,20.4,2748
545,2,20.16,3991
542,6,20.1,1681
635,3,20.1,3536
137,4,20.05,1437
479,3,20.0,4181
470,4,20.0,1257
145,7,20.0,1845
464,2,20.0,3155
462,4,19.92,2161
566,6,19.92,1066
12,6,19.92,2490
567,4,19.8,3626
14,5,19.8,3654
669,3,19.8,3197
462,4,19.7,1462
525,7,19.7,2898
393,4,19.62,3933
350,2,19.6,3230
118,6,19.6,2372
27,4,19.57,4642
205,2,19.5,2852
77,4,19.5,2710
86,4,19.5,3883
598,4,19.4,4135
1,6,19.4,4010
6,2,19.4,4118
405,4,19.3,2607
4,6,19.2,2463
257,6,19.2,2219
483,6,19.2,1350
312,4,19.0,4920
572,4,19.0,2112
365,6,19.0,4803
402,2,18.9,4451
414,2,18.9,3606
106,4,18.8,1880
223,2,18.8,2844
504,3,18.7,4930
233,7,18.7,3715
163,4,18.7,4792
61,4,18.64,1700
169,5,18.6,2998
16,4,18.6,3566
259,4,18.5,3598
462,3,18.44,3887
368,6,18.4,3087
106,7,18.2,2675
174,4,18.1,2487
102,2,18.0,4737
344,6,18.0,2075
263,4,18.0,2731
695,2,18.0,4208
393,2,18.0,2628
133,4,17.9,3395
230,5,17.8,1080
442,4,17.8,1402
591,5,17.76,3834
337,5,17.7,4918
90,4,17.6,4379
641,3,17.6,4775
95,6,17.6,1137
586,2,17.6,4587
708,4,17.6,4490
242,6,17.5,3130
452,4,17.4,1247
102,2,17.4,3845
420,4,17.4,2330
5,2,17.3,1313
423,2,17.2,3970
36,4,17.2,3580
460,3,17.1,1071
136,2,17.1,3234
468,2,17.1,4491
381,4,17.09,2153
702,2,16.9,4279
574,4,16.9,1755
4,4,16.85,4158
496,4,16.8,1471
613,2,16.8,1496
97,4,16.8,1222
564,5,16.8,1059
18,5,16.8,2145
189,4,16.7,1046
55,6,16.7,3408
192,4,16.65,3272
142,4,16.6,4032
20,5,16.6,3634
156,4,16.6,3501
310,3,16.6,1228
222,4,16.5,1630
362,4,16.4,3064
581,3,16.4,4973
75,2,16.4,4885
48,5,16.4,3968
291,2,16.35,1029
139,3,16.3,1439
435,2,16.2,1933
423,2,16.2,4961
332,5,16.0,1537
291,2,16.0,2894
494,4,15.9,1124
518,7,15.8,3482
103,4,15.7,3652
389,8,15.7,4435
393,2,15.7,3994
549,2,15.7,4630
51,3,15.6,2992
399,4,15.6,4730
495,2,15.4,3000
78,4,15.4,4528
268,2,15.4,1558
408,2,15.3,3706
497,6,15.3,2354
155,2,15.3,1096
134,2,15.2,4949
391,5,15.0,4846
594,2,15.0,1267
552,2,14.9,2720
239,6,14.8,2808
18,7,14.77,1187
522,4,14.7,1860
158,2,14.6,3173
261,5,14.6,1321
531,2,14.6,4514
360,3,14.6,2953
269,3,14.5,3605
389,2,14.5,4904
579,2,14.5,2773
240,4,14.5,4378
648,2,14.4,1745
488,2,14.4,3377
597,2,14.4,3624
627,2,14.2,3105
7,3,14.1,4454
631,2,13.9,1673
315,3,13.9,3993
645,4,13.85,3108
372,5,13.8,3889
542,2,13.8,2197
385,4,13.8,3103
5,4,13.7,3981
215,4,13.6,1401
153,2,13.5,4795
325,2,13.5,4994
304,2,13.49,1436
416,4,13.4,4653
674,2,13.4,2442
428,2,13.4,1519
482,2,13.4,2826
276,4,13.2,2012
582,4,13.2,2963
391,4,13.2,4739
187,4,13.0,3995
341,2,13.0,4496
145,4,13.0,1915
468,4,12.9,2637
414,2,12.8,1898
74,2,12.64,2968
343,2,12.6,4043
655,2,12.5,2456
403,4,12.4,1310
142,2,12.4,3097
292,4,12.4,3418
280,2,12.4,2292
636,2,12.3,3943
602,2,12.1,3932
366,4,12.1,3163
123,4,12.1,2116
14,4,12.1,3453
246,4,12.0,1643
321,4,12.0,3216
78,4,12.0,4805
150,2,12.0,4945
512,4,12.0,3733
586,4,11.9,3350
76,6,11.8,1721
9,2,11.8,1397
324,4,11.8,3174
13,2,11.8,3454
376,2,11.7,1826
106,4,11.7,4309
447,2,11.7,4248
70,6,11.65,2008
559,2,11.6,4824
311,4,11.6,3333
421,4,11.5,2878
563,2,11.5,1579
117,4,11.4,3098
363,4,11.4,3240
419,4,11.4,4562
278,2,11.4,3436
673,2,11.4,4423
422,2,11.4,2417
716,2,11.3,1956
676,2,11.2,3607
344,2,11.1,2889
0,2,11.1,1963
182,4,11.0,1762
324,2,11.0,2474
489,2,11.0,4011
215,2,10.9,3290
169,4,10.85,2911
367,4,10.8,1415
709,2,10.8,1036
490,2,10.8,1266
393,4,10.7,3007
322,4,10.7,4707
575,2,10.7,1925
140,2,10.6,2558
109,4,10.6,4530
470,4,10.6,3610
579,4,10.5,2350
284,2,10.5,3179
77,4,10.45,1177
722,3,10.3,3376
527,4,10.25,2024
77,2,10.2,2988
313,4,10.1,4365
495,2,10.1,2373
50,2,10.1,1688
106,2,10.0,4521
594,2,10.0,3576
3,3,9.9,4755
493,4,9.9,1180
521,2,9.8,3422
151,3,9.6,4982
498,2,9.6,4590
489,2,9.5,1469
361,3,9.4,3944
138,2,9.4,4072
206,2,9.4,3134
390,2,9.3,1089
313,4,9.1,2425
207,2,9.0,3796
445,2,9.0,4472
10,2,9.0,2841
323,2,9.0,2136
188,2,9.0,2614
727,2,8.9,3243
6,4,8.8,3373
141,2,8.7,4506
339,2,8.6,2096
337,5,8.5,4099
393,2,8.5,3126
255,3,8.4,3700
727,2,8.4,2717
436,2,8.2,4703
659,2,8.1,2387
341,4,8.1,1063
156,2,8.0,2759
385,2,7.9,3823
611,2,7.9,3136
672,2,7.9,3777
683,2,7.85,3080
338,4,7.8,3412
274,2,7.8,2783
445,2,7.8,1400
529,2,7.8,3874
247,2,7.8,4834
601,2,7.7,1227
571,4,7.65,3714
93,4,7.65,1744
621,2,7.6,1084
112,2,7.6,1989
353,3,7.5,2684
212,2,7.4,2735
292,2,7.32,3093
362,2,7.3,3510
374,2,7.3,3771
80,2,7.2,1375
58,2,7.2,4151
249,2,7.1,3301
708,3,6.9,2482
229,2,6.9,3270
474,2,6.8,3631
243,2,6.8,4447
673,2,6.8,4631
497,2,6.72,4188
77,3,6.7,1976
385,4,6.6,2591
34,3,6.6,1251
517,2,6.6,3431
330,3,6.4,4889
182,2,6.4,2304
721,2,6.0,1243
700,2,6.0,2302
304,2,5.92,2297
33,2,5.9,3239
458,2,5.9,1642
272,2,5.8,3478
265,3,5.7,3124
139,2,5.7,4366
727,2,5.6,4247
321,2,5.4,3824
566,2,5.35,2296
492,2,5.3,2213
91,2,5.2,3345
43,2,4.9,4142
511,2,4.9,2497
252,2,4.8,2640
398,2,4.6,4062
578,2,4.6,3362
7,2,4.6,4419
113,2,4.5,4386
288,2,4.4,2248
397,2,4.4,1592
174,2,4.4,3490
394,2,4.2,2668
31,2,4.1,3503
315,2,4.1,1626
278,2,4.0,3858
291,2,3.9,3723
593,2,3.7,3990
674,2,3.7,3780
277,2,3.65,1093
220,2,3.4,1414
439,2,3.4,3625
343,2,3.4,4023
152,2,3.2,4816
429,2,3.2,4029
405,2,2.9,4926
481,2,2.9,1314
213,2,2.7,1039
207,2,2.6,3162
0,2,2.2,4565
273,2,2.1,3949
593,2,1.9,1560
410,2,1.7,1221
448,2,1.3,1250
